ID_Pedido,Fecha,Producto,Cantidad,Ciudad,Precio_Unitario
10001,2025-01-01,Mouse Inalámbrico,2.0,Guayaquil,$35
10002,2025-01-01,Auriculares Gamer,4.0,Loja,$120
10003,2025-01-01,Teclado Mecánico,3.0,Ambato,$85
10004,2025-01-01,Auriculares Gamer,5.0,Cuenca,$120
10005,2025-01-01,Auriculares Gamer,4.0,Guayaquil,$120
10006,2025-01-01,"Monitor 24""",3.0,Ambato,$300
10007,2025-01-01,Teclado Mecánico,3.0,Ambato,$85
10008,2025-01-01,Teclado Mecánico,1.0,Loja,$85
10009,2025-01-01,Teclado Mecánico,5.0,Manta,$85
10010,2025-01-01,Auriculares Gamer,1.0,Loja,$120
10011,2025-01-01,Mouse Inalámbrico,2.0,Manta,$35
10012,2025-01-01,Teclado Mecánico,1.0,Manta,$85
10013,2025-01-01,Hub USB-C,1.0,Guayaquil,$45
10014,2025-01-01,Auriculares Gamer,4.0,Guayaquil,$120
10015,2025-01-01,"Monitor 24""",3.0,Cuenca,$300
10016,2025-01-01,Mouse Inalámbrico,5.0,Manta,$35
10017,2025-01-01,Hub USB-C,1.0,Ambato,$45
10018,2025-01-01,Hub USB-C,5.0,Quito,$45
10019,2025-01-01,"Monitor 24""",1.0,Cuenca,$300
10020,2025-01-01,Mouse Inalámbrico,2.0,Guayaquil,$35
10021,2025-01-01,Auriculares Gamer,1.0,Loja,$120
10022,2025-01-01,Laptop,4.0,Cuenca,$1200
10023,2025-01-01,Mouse Inalámbrico,3.0,Cuenca,$35
10024,2025-01-01,"Monitor 24""",2.0,Cuenca,$300
10025,2025-01-02,Hub USB-C,1.0,Cuenca,$45
10026,2025-01-02,Auriculares Gamer,5.0,Quito,$120
10027,2025-01-02,Mouse Inalámbrico,2.0,Loja,$35
10028,2025-01-02,Laptop,2.0,Loja,$1200
10029,2025-01-02,Laptop,1.0,Loja,$1200
10030,2025-01-02,Teclado Mecánico,2.0,Manta,$85
10031,,Teclado Mecánico,5.0,Ambato,$85
10032,2025-01-02,"Monitor 24""",2.0,Loja,$300
10033,2025-01-02,Mouse Inalámbrico,5.0,Cuenca,$35
10034,2025-01-02,Mouse Inalámbrico,1.0,Cuenca,$35
10035,2025-01-02,Hub USB-C,3.0,Loja,$45
10036,2025-01-02,Hub USB-C,2.0,Loja,$45
10037,2025-01-02,Hub USB-C,3.0,Cuenca,$45
10038,2025-01-02,Teclado Mecánico,5.0,Manta,$85
10039,2025-01-02,Mouse Inalámbrico,2.0,Guayaquil,$35
10040,2025-01-02,Mouse Inalámbrico,4.0,Guayaquil,$35
10041,2025-01-02,Laptop,3.0,Loja,$1200
10042,2025-01-02,Teclado Mecánico,2.0,Quito,$85
10043,2025-01-02,Auriculares Gamer,3.0,Loja,$120
10044,2025-01-02,Teclado Mecánico,2.0,Loja,$85
10045,2025-01-02,Auriculares Gamer,1.0,Guayaquil,$120
10046,2025-01-02,Laptop,3.0,Cuenca,$1200
10047,2025-01-02,"Monitor 24""",4.0,Loja,$300
10048,2025-01-02,Mouse Inalámbrico,4.0,Cuenca,$35
10049,2025-01-03,Laptop,5.0,Cuenca,$1200
10050,2025-01-03,Mouse Inalámbrico,2.0,Quito,$35
10051,2025-01-03,Hub USB-C,3.0,Cuenca,$45
10052,2025-01-03,"Monitor 24""",5.0,Guayaquil,$300
10053,2025-01-03,"Monitor 24""",3.0,Manta,$300
10054,2025-01-03,Laptop,2.0,Manta,$1200
10055,2025-01-03,"Monitor 24""",4.0,Ambato,$300
10056,2025-01-03,Auriculares Gamer,1.0,Loja,$120
10057,2025-01-03,"Monitor 24""",4.0,Guayaquil,$300
10058,2025-01-03,Mouse Inalámbrico,5.0,Cuenca,$35
10059,2025-01-03,Mouse Inalámbrico,1.0,Manta,$35
10060,2025-01-03,Mouse Inalámbrico,5.0,Guayaquil,$35
10061,2025-01-03,Mouse Inalámbrico,2.0,Manta,$35
10062,2025-01-03,Auriculares Gamer,1.0,Cuenca,$120
10063,2025-01-03,Teclado Mecánico,5.0,Manta,$85
10064,2025-01-03,Hub USB-C,2.0,Loja,$45
10065,2025-01-03,Laptop,4.0,Loja,$1200
10066,2025-01-03,Mouse Inalámbrico,2.0,Ambato,$35
10067,2025-01-03,"Monitor 24""",3.0,Ambato,$300
10068,2025-01-03,Mouse Inalámbrico,2.0,Manta,$35
10069,2025-01-03,"Monitor 24""",2.0,Guayaquil,$300
10070,2025-01-03,Hub USB-C,3.0,Loja,$45
10071,2025-01-03,Hub USB-C,5.0,Guayaquil,$45
10072,2025-01-03,Hub USB-C,5.0,Guayaquil,$45
10073,2025-01-04,"Monitor 24""",2.0,Manta,$300
10074,2025-01-04,Mouse Inalámbrico,3.0,Guayaquil,$35
10075,2025-01-04,Hub USB-C,3.0,Loja,$45
10076,2025-01-04,Auriculares Gamer,4.0,Cuenca,$120
10077,2025-01-04,"Monitor 24""",5.0,Ambato,$300
10078,2025-01-04,"Monitor 24""",1.0,Cuenca,$300
10079,2025-01-04,Mouse Inalámbrico,5.0,Guayaquil,$35
10080,2025-01-04,"Monitor 24""",5.0,Cuenca,$300
10081,2025-01-04,"Monitor 24""",4.0,Loja,$300
10082,2025-01-04,Hub USB-C,1.0,Loja,$45
10083,2025-01-04,Mouse Inalámbrico,4.0,Guayaquil,$35
10084,2025-01-04,Hub USB-C,1.0,Manta,$45
10085,2025-01-04,Hub USB-C,2.0,Cuenca,$45
10086,2025-01-04,Mouse Inalámbrico,1.0,Manta,$35
10087,2025-01-04,Laptop,4.0,Manta,$1200
10088,2025-01-04,Hub USB-C,5.0,Quito,$45
10089,2025-01-04,Auriculares Gamer,1.0,Guayaquil,$120
10090,2025-01-04,Auriculares Gamer,1.0,Ambato,$120
10091,2025-01-04,"Monitor 24""",3.0,Loja,$300
10092,2025-01-04,Auriculares Gamer,5.0,Loja,$120
10093,2025-01-04,"Monitor 24""",2.0,Guayaquil,$300
10094,2025-01-04,Laptop,4.0,Ambato,$1200
10095,2025-01-04,Mouse Inalámbrico,2.0,Loja,$35
10096,2025-01-04,Mouse Inalámbrico,5.0,Guayaquil,$35
10097,2025-01-05,Mouse Inalámbrico,1.0,Loja,$35
10098,2025-01-05,Auriculares Gamer,1.0,Manta,$120
10099,2025-01-05,Laptop,5.0,Cuenca,$1200
10100,2025-01-05,Auriculares Gamer,1.0,Cuenca,$120
10101,2025-01-05,Auriculares Gamer,1.0,Loja,$120
10102,2025-01-05,Laptop,1.0,Quito,$1200
10103,2025-01-05,Laptop,4.0,Ambato,$1200
10104,2025-01-05,Laptop,4.0,Ambato,$1200
10105,2025-01-05,Laptop,3.0,Ambato,$1200
10106,2025-01-05,Mouse Inalámbrico,2.0,Manta,$35
10107,2025-01-05,Teclado Mecánico,5.0,Ambato,$85
10108,2025-01-05,Teclado Mecánico,5.0,Cuenca,$85
10109,2025-01-05,Laptop,5.0,Manta,$1200
10110,2025-01-05,Teclado Mecánico,3.0,Guayaquil,$85
10111,2025-01-05,Teclado Mecánico,4.0,Ambato,$85
10112,2025-01-05,Laptop,3.0,Ambato,$1200
10113,2025-01-05,Teclado Mecánico,5.0,Guayaquil,$85
10114,2025-01-05,Auriculares Gamer,2.0,Ambato,$120
10115,2025-01-05,"Monitor 24""",1.0,Guayaquil,$300
10116,2025-01-05,"Monitor 24""",4.0,Manta,$300
10117,2025-01-05,Laptop,4.0,Cuenca,$1200
10118,2025-01-05,Mouse Inalámbrico,3.0,Guayaquil,$35
10119,2025-01-05,Laptop,4.0,Quito,$1200
10120,2025-01-05,Mouse Inalámbrico,5.0,Guayaquil,$35
10121,2025-01-06,"Monitor 24""",5.0,Ambato,$300
10122,2025-01-06,Laptop,3.0,Manta,$1200
10123,2025-01-06,Hub USB-C,5.0,Loja,$45
10124,2025-01-06,Auriculares Gamer,2.0,Manta,$120
10125,2025-01-06,Teclado Mecánico,3.0,Loja,$85
10126,2025-01-06,Mouse Inalámbrico,2.0,Guayaquil,$35
10127,2025-01-06,Hub USB-C,1.0,Cuenca,$45
10128,2025-01-06,Teclado Mecánico,2.0,Quito,$85
10129,2025-01-06,Teclado Mecánico,1.0,Manta,$85
10130,2025-01-06,Laptop,1.0,Ambato,$1200
10131,2025-01-06,Teclado Mecánico,2.0,Loja,$85
10132,2025-01-06,Auriculares Gamer,3.0,Ambato,$120
10133,2025-01-06,Hub USB-C,5.0,Cuenca,$45
10134,2025-01-06,Teclado Mecánico,5.0,Loja,$85
10135,2025-01-06,Laptop,1.0,Manta,$1200
10136,2025-01-06,Auriculares Gamer,1.0,Guayaquil,$120
10137,2025-01-06,"Monitor 24""",3.0,Ambato,$300
10138,2025-01-06,Hub USB-C,4.0,Cuenca,$45
10139,2025-01-06,Teclado Mecánico,2.0,Manta,$85
10140,2025-01-06,Laptop,1.0,Manta,$1200
10141,2025-01-06,"Monitor 24""",5.0,Manta,$300
10142,2025-01-06,"Monitor 24""",3.0,Manta,$300
10143,2025-01-06,Mouse Inalámbrico,2.0,Loja,$35
10144,2025-01-06,Auriculares Gamer,3.0,Manta,$120
10145,2025-01-07,Teclado Mecánico,2.0,Ambato,$85
10146,2025-01-07,Laptop,2.0,Cuenca,$1200
10147,2025-01-07,Mouse Inalámbrico,1.0,Loja,$35
10148,2025-01-07,Auriculares Gamer,3.0,Manta,$120
10149,2025-01-07,Mouse Inalámbrico,3.0,Quito,$35
10150,2025-01-07,Hub USB-C,5.0,Quito,$45
10151,2025-01-07,Auriculares Gamer,5.0,Cuenca,$120
10152,2025-01-07,Auriculares Gamer,1.0,Guayaquil,$120
10153,2025-01-07,Teclado Mecánico,1.0,Guayaquil,$85
10154,2025-01-07,Auriculares Gamer,,Loja,$120
10155,2025-01-07,Mouse Inalámbrico,5.0,Loja,$35
10156,2025-01-07,Auriculares Gamer,2.0,Loja,$120
10157,2025-01-07,Teclado Mecánico,3.0,Guayaquil,$85
10158,2025-01-07,Teclado Mecánico,,Quito,$85
10159,2025-01-07,Hub USB-C,3.0,Guayaquil,$45
10160,2025-01-07,Mouse Inalámbrico,3.0,Ambato,$35
10161,2025-01-07,"Monitor 24""",4.0,Manta,$300
10162,2025-01-07,"Monitor 24""",5.0,Loja,$300
10163,2025-01-07,Auriculares Gamer,1.0,Quito,$120
10164,2025-01-07,Hub USB-C,3.0,Cuenca,$45
10165,2025-01-07,Laptop,1.0,Cuenca,$1200
10166,2025-01-07,Auriculares Gamer,2.0,Manta,$120
10167,2025-01-07,Hub USB-C,4.0,Quito,$45
10168,2025-01-07,Mouse Inalámbrico,2.0,Guayaquil,$35
10169,2025-01-08,Mouse Inalámbrico,1.0,Guayaquil,$35
10170,2025-01-08,Mouse Inalámbrico,1.0,Ambato,$35
10171,2025-01-08,Mouse Inalámbrico,5.0,Ambato,$35
10172,2025-01-08,Mouse Inalámbrico,3.0,Guayaquil,$35
10173,2025-01-08,Hub USB-C,3.0,Cuenca,$45
10174,2025-01-08,Hub USB-C,,Loja,$45
10175,2025-01-08,Teclado Mecánico,4.0,Cuenca,$85
10176,2025-01-08,"Monitor 24""",3.0,Ambato,$300
10177,2025-01-08,Mouse Inalámbrico,5.0,Manta,$35
10178,2025-01-08,Laptop,2.0,Guayaquil,$1200
10179,2025-01-08,Hub USB-C,2.0,Ambato,$45
10180,2025-01-08,Laptop,5.0,Ambato,$1200
10181,2025-01-08,Laptop,4.0,Loja,$1200
10182,2025-01-08,Laptop,5.0,Guayaquil,$1200
10183,2025-01-08,Teclado Mecánico,4.0,Loja,$85
10184,2025-01-08,Hub USB-C,5.0,Guayaquil,$45
10185,2025-01-08,Laptop,5.0,Loja,$1200
10186,2025-01-08,Mouse Inalámbrico,1.0,Cuenca,$35
10187,2025-01-08,Auriculares Gamer,2.0,Manta,$120
10188,2025-01-08,Laptop,5.0,Manta,$1200
10189,2025-01-08,Teclado Mecánico,5.0,Guayaquil,$85
10190,2025-01-08,Hub USB-C,3.0,Quito,$45
10191,2025-01-08,Teclado Mecánico,2.0,Ambato,$85
10192,2025-01-08,Laptop,3.0,Ambato,$1200
10193,2025-01-09,Hub USB-C,2.0,Guayaquil,$45
10194,2025-01-09,Auriculares Gamer,3.0,Loja,$120
10195,2025-01-09,Laptop,5.0,Quito,$1200
10196,2025-01-09,Teclado Mecánico,5.0,Cuenca,$85
10197,2025-01-09,"Monitor 24""",1.0,Loja,$300
10198,2025-01-09,Mouse Inalámbrico,3.0,Loja,$35
10199,2025-01-09,Teclado Mecánico,4.0,Guayaquil,$85
10200,2025-01-09,Hub USB-C,,Guayaquil,$45
10201,2025-01-09,Laptop,3.0,Ambato,$1200
10202,2025-01-09,Mouse Inalámbrico,3.0,Guayaquil,$35
10203,2025-01-09,Laptop,1.0,Guayaquil,$1200
10204,2025-01-09,Hub USB-C,5.0,Guayaquil,$45
10205,2025-01-09,Laptop,3.0,Ambato,$1200
10206,2025-01-09,"Monitor 24""",5.0,Cuenca,$300
10207,2025-01-09,Mouse Inalámbrico,1.0,Cuenca,$35
10208,2025-01-09,Mouse Inalámbrico,5.0,Guayaquil,$35
10209,2025-01-09,Hub USB-C,2.0,Ambato,$45
10210,2025-01-09,"Monitor 24""",4.0,Cuenca,$300
10211,2025-01-09,Teclado Mecánico,3.0,Loja,$85
10212,2025-01-09,Laptop,4.0,Cuenca,$1200
10213,2025-01-09,Auriculares Gamer,5.0,Cuenca,$120
10214,2025-01-09,Laptop,3.0,Ambato,$1200
10215,2025-01-09,Laptop,5.0,Loja,$1200
10216,2025-01-09,Teclado Mecánico,,Ambato,$85
10217,2025-01-10,Laptop,1.0,Guayaquil,$1200
10218,2025-01-10,"Monitor 24""",3.0,Manta,$300
10219,2025-01-10,"Monitor 24""",2.0,Cuenca,$300
10220,2025-01-10,Mouse Inalámbrico,2.0,Manta,$35
10221,2025-01-10,Hub USB-C,3.0,Ambato,$45
10222,2025-01-10,Auriculares Gamer,5.0,Ambato,$120
10223,2025-01-10,Laptop,2.0,Ambato,$1200
10224,2025-01-10,Laptop,4.0,Manta,$1200
10225,2025-01-10,Teclado Mecánico,2.0,Ambato,$85
10226,2025-01-10,Hub USB-C,5.0,Guayaquil,$45
10227,2025-01-10,"Monitor 24""",5.0,Ambato,$300
10228,2025-01-10,Auriculares Gamer,4.0,Quito,$120
10229,2025-01-10,Mouse Inalámbrico,2.0,Manta,$35
10230,2025-01-10,"Monitor 24""",5.0,Quito,$300
10231,2025-01-10,Hub USB-C,3.0,Ambato,$45
10232,2025-01-10,Mouse Inalámbrico,1.0,Guayaquil,$35
10233,2025-01-10,Teclado Mecánico,1.0,Cuenca,$85
10234,2025-01-10,Teclado Mecánico,1.0,Loja,$85
10235,2025-01-10,Laptop,2.0,Loja,$1200
10236,2025-01-10,Hub USB-C,4.0,Ambato,$45
10237,2025-01-10,Auriculares Gamer,5.0,Guayaquil,$120
10238,2025-01-10,Mouse Inalámbrico,3.0,Manta,$35
10239,2025-01-10,"Monitor 24""",3.0,Quito,$300
10240,2025-01-10,Hub USB-C,2.0,Quito,$45
10241,2025-01-11,Hub USB-C,1.0,Quito,$45
10242,2025-01-11,Teclado Mecánico,2.0,Manta,$85
10243,2025-01-11,Laptop,4.0,Loja,$1200
10244,2025-01-11,Laptop,4.0,Guayaquil,$1200
10245,2025-01-11,Mouse Inalámbrico,5.0,Manta,$35
10246,2025-01-11,Teclado Mecánico,5.0,Quito,$85
10247,2025-01-11,Hub USB-C,4.0,Ambato,$45
10248,2025-01-11,Auriculares Gamer,4.0,Cuenca,$120
10249,2025-01-11,Teclado Mecánico,4.0,Manta,$85
10250,2025-01-11,Mouse Inalámbrico,2.0,Manta,$35
10251,2025-01-11,Mouse Inalámbrico,4.0,Guayaquil,$35
10252,2025-01-11,Teclado Mecánico,3.0,Guayaquil,$85
10253,2025-01-11,Mouse Inalámbrico,1.0,Manta,$35
10254,2025-01-11,Teclado Mecánico,4.0,Quito,$85
10255,2025-01-11,"Monitor 24""",1.0,Cuenca,$300
10256,2025-01-11,Teclado Mecánico,2.0,Guayaquil,$85
10257,2025-01-11,Teclado Mecánico,1.0,Quito,$85
10258,2025-01-11,Mouse Inalámbrico,2.0,Ambato,$35
10259,2025-01-11,Mouse Inalámbrico,3.0,Guayaquil,$35
10260,2025-01-11,Laptop,2.0,Quito,$1200
10261,2025-01-11,Laptop,2.0,Quito,$1200
10262,2025-01-11,"Monitor 24""",5.0,Cuenca,$300
10263,2025-01-11,Laptop,4.0,Cuenca,$1200
10264,2025-01-11,Teclado Mecánico,4.0,Ambato,$85
10265,2025-01-12,Mouse Inalámbrico,3.0,Quito,$35
10266,2025-01-12,Laptop,3.0,Loja,$1200
10267,2025-01-12,Laptop,4.0,Quito,$1200
10268,2025-01-12,"Monitor 24""",5.0,Cuenca,$300
10269,2025-01-12,Hub USB-C,4.0,Loja,$45
10270,2025-01-12,"Monitor 24""",5.0,Guayaquil,$300
10271,2025-01-12,Teclado Mecánico,3.0,Guayaquil,$85
10272,2025-01-12,Mouse Inalámbrico,1.0,Manta,$35
10273,2025-01-12,"Monitor 24""",3.0,Cuenca,$300
10274,2025-01-12,Laptop,3.0,Manta,$1200
10275,2025-01-12,Mouse Inalámbrico,2.0,Loja,$35
10276,2025-01-12,Mouse Inalámbrico,2.0,Cuenca,$35
10277,2025-01-12,Laptop,2.0,Ambato,$1200
10278,2025-01-12,"Monitor 24""",2.0,Quito,$300
10279,2025-01-12,Laptop,5.0,Ambato,$1200
10280,2025-01-12,Hub USB-C,4.0,Loja,$45
10281,2025-01-12,Mouse Inalámbrico,1.0,Cuenca,$35
10282,2025-01-12,Auriculares Gamer,3.0,Loja,$120
10283,2025-01-12,Auriculares Gamer,5.0,Quito,$120
10284,2025-01-12,Teclado Mecánico,1.0,Guayaquil,$85
10285,2025-01-12,Laptop,5.0,Guayaquil,$1200
10286,2025-01-12,Laptop,5.0,Loja,$1200
10287,2025-01-12,Teclado Mecánico,3.0,Manta,$85
10288,2025-01-12,Teclado Mecánico,4.0,Cuenca,$85
10289,2025-01-13,Teclado Mecánico,2.0,Cuenca,$85
10290,2025-01-13,Mouse Inalámbrico,4.0,Guayaquil,$35
10291,2025-01-13,Hub USB-C,3.0,Ambato,$45
10292,2025-01-13,Laptop,3.0,Quito,$1200
10293,2025-01-13,Mouse Inalámbrico,3.0,Ambato,$35
10294,2025-01-13,Teclado Mecánico,1.0,Ambato,$85
10295,2025-01-13,Laptop,4.0,Loja,$1200
10296,2025-01-13,Mouse Inalámbrico,4.0,Guayaquil,$35
10297,2025-01-13,Hub USB-C,5.0,Guayaquil,$45
10298,2025-01-13,Mouse Inalámbrico,5.0,Guayaquil,$35
10299,2025-01-13,Hub USB-C,5.0,Loja,$45
10300,2025-01-13,Teclado Mecánico,3.0,Manta,$85
10301,2025-01-13,Hub USB-C,4.0,Ambato,$45
10302,2025-01-13,Laptop,3.0,Loja,$1200
10303,,Teclado Mecánico,1.0,Cuenca,$85
10304,2025-01-13,Laptop,5.0,Quito,$1200
10305,2025-01-13,Auriculares Gamer,3.0,Manta,$120
10306,2025-01-13,"Monitor 24""",,Cuenca,$300
10307,2025-01-13,Hub USB-C,1.0,Ambato,$45
10308,2025-01-13,"Monitor 24""",2.0,Guayaquil,$300
10309,2025-01-13,"Monitor 24""",4.0,Ambato,$300
10310,2025-01-13,Hub USB-C,2.0,Loja,$45
10311,2025-01-13,Teclado Mecánico,5.0,Quito,$85
10312,2025-01-13,Auriculares Gamer,3.0,Loja,$120
10313,2025-01-14,Laptop,1.0,Manta,$1200
10314,2025-01-14,Mouse Inalámbrico,1.0,Manta,$35
10315,2025-01-14,Laptop,4.0,Quito,$1200
10316,2025-01-14,Mouse Inalámbrico,2.0,Cuenca,$35
10317,2025-01-14,Laptop,4.0,Cuenca,$1200
10318,2025-01-14,Hub USB-C,3.0,Manta,$45
10319,2025-01-14,Auriculares Gamer,4.0,Manta,$120
10320,,Mouse Inalámbrico,1.0,Guayaquil,$35
10321,2025-01-14,Teclado Mecánico,1.0,Cuenca,$85
10322,2025-01-14,Laptop,5.0,Quito,$1200
10323,2025-01-14,Laptop,5.0,Cuenca,$1200
10324,2025-01-14,Mouse Inalámbrico,3.0,Guayaquil,$35
10325,2025-01-14,Teclado Mecánico,2.0,Loja,$85
10326,2025-01-14,Teclado Mecánico,4.0,Manta,$85
10327,2025-01-14,Hub USB-C,3.0,Manta,$45
10328,,Hub USB-C,5.0,Guayaquil,$45
10329,2025-01-14,Hub USB-C,4.0,Quito,$45
10330,2025-01-14,Hub USB-C,5.0,Manta,$45
10331,2025-01-14,Hub USB-C,4.0,Ambato,$45
10332,2025-01-14,Hub USB-C,2.0,Manta,$45
10333,2025-01-14,Auriculares Gamer,3.0,Ambato,$120
10334,2025-01-14,Teclado Mecánico,4.0,Guayaquil,$85
10335,2025-01-14,Hub USB-C,1.0,Guayaquil,$45
10336,2025-01-14,Teclado Mecánico,1.0,Manta,$85
10337,2025-01-15,Teclado Mecánico,4.0,Cuenca,$85
10338,2025-01-15,"Monitor 24""",4.0,Ambato,$300
10339,2025-01-15,Auriculares Gamer,4.0,Quito,$120
10340,2025-01-15,Hub USB-C,1.0,Manta,$45
10341,2025-01-15,Laptop,1.0,Quito,$1200
10342,2025-01-15,Mouse Inalámbrico,4.0,Manta,$35
10343,2025-01-15,Laptop,5.0,Cuenca,$1200
10344,2025-01-15,Auriculares Gamer,5.0,Cuenca,$120
10345,2025-01-15,Mouse Inalámbrico,2.0,Cuenca,$35
10346,2025-01-15,Auriculares Gamer,3.0,Loja,$120
10347,2025-01-15,Teclado Mecánico,5.0,Cuenca,$85
10348,2025-01-15,Mouse Inalámbrico,1.0,Guayaquil,$35
10349,2025-01-15,Teclado Mecánico,5.0,Guayaquil,$85
10350,2025-01-15,Laptop,2.0,Loja,$1200
10351,2025-01-15,Laptop,2.0,Ambato,$1200
10352,2025-01-15,Mouse Inalámbrico,,Quito,$35
10353,2025-01-15,Mouse Inalámbrico,5.0,Manta,$35
10354,2025-01-15,Hub USB-C,1.0,Manta,$45
10355,2025-01-15,Auriculares Gamer,1.0,Loja,$120
10356,2025-01-15,Hub USB-C,4.0,Guayaquil,$45
10357,2025-01-15,Auriculares Gamer,1.0,Manta,$120
10358,2025-01-15,Hub USB-C,3.0,Guayaquil,$45
10359,2025-01-15,Teclado Mecánico,3.0,Ambato,$85
10360,2025-01-15,Mouse Inalámbrico,1.0,Quito,$35
10361,2025-01-16,Laptop,1.0,Ambato,$1200
10362,2025-01-16,Auriculares Gamer,4.0,Loja,$120
10363,2025-01-16,Auriculares Gamer,1.0,Cuenca,$120
10364,2025-01-16,Laptop,4.0,Cuenca,$1200
10365,,Hub USB-C,4.0,Cuenca,$45
10366,2025-01-16,Auriculares Gamer,1.0,Ambato,$120
10367,2025-01-16,Teclado Mecánico,2.0,Manta,$85
10368,2025-01-16,Mouse Inalámbrico,2.0,Quito,$35
10369,2025-01-16,Laptop,4.0,Cuenca,$1200
10370,2025-01-16,Mouse Inalámbrico,1.0,Loja,$35
10371,2025-01-16,Auriculares Gamer,2.0,Loja,$120
10372,2025-01-16,Auriculares Gamer,1.0,Cuenca,$120
10373,2025-01-16,Laptop,1.0,Cuenca,$1200
10374,2025-01-16,Teclado Mecánico,1.0,Quito,$85
10375,2025-01-16,"Monitor 24""",5.0,Cuenca,$300
10376,2025-01-16,Laptop,1.0,Quito,$1200
10377,2025-01-16,"Monitor 24""",5.0,Loja,$300
10378,2025-01-16,Hub USB-C,4.0,Cuenca,$45
10379,2025-01-16,"Monitor 24""",2.0,Ambato,$300
10380,2025-01-16,Teclado Mecánico,2.0,Ambato,$85
10381,2025-01-16,Hub USB-C,2.0,Loja,$45
10382,2025-01-16,"Monitor 24""",2.0,Quito,$300
10383,2025-01-16,Hub USB-C,2.0,Ambato,$45
10384,2025-01-16,"Monitor 24""",2.0,Quito,$300
10385,2025-01-17,Teclado Mecánico,2.0,Ambato,$85
10386,2025-01-17,"Monitor 24""",4.0,Ambato,$300
10387,2025-01-17,"Monitor 24""",1.0,Quito,$300
10388,2025-01-17,"Monitor 24""",3.0,Manta,$300
10389,2025-01-17,Laptop,5.0,Ambato,$1200
10390,2025-01-17,Laptop,3.0,Cuenca,$1200
10391,2025-01-17,Laptop,3.0,Loja,$1200
10392,2025-01-17,Teclado Mecánico,1.0,Manta,$85
10393,2025-01-17,Hub USB-C,1.0,Quito,$45
10394,2025-01-17,Auriculares Gamer,1.0,Manta,$120
10395,2025-01-17,"Monitor 24""",2.0,Guayaquil,$300
10396,2025-01-17,"Monitor 24""",4.0,Guayaquil,$300
10397,2025-01-17,Teclado Mecánico,,Ambato,$85
10398,2025-01-17,"Monitor 24""",4.0,Ambato,$300
10399,2025-01-17,Laptop,4.0,Cuenca,$1200
10400,2025-01-17,Auriculares Gamer,3.0,Loja,$120
10401,2025-01-17,Mouse Inalámbrico,3.0,Manta,$35
10402,2025-01-17,"Monitor 24""",4.0,Guayaquil,$300
10403,2025-01-17,Laptop,4.0,Ambato,$1200
10404,2025-01-17,Mouse Inalámbrico,2.0,Loja,$35
10405,2025-01-17,Auriculares Gamer,2.0,Manta,$120
10406,2025-01-17,Mouse Inalámbrico,3.0,Ambato,$35
10407,2025-01-17,Laptop,1.0,Ambato,$1200
10408,2025-01-17,Hub USB-C,4.0,Guayaquil,$45
10409,2025-01-18,Hub USB-C,,Guayaquil,$45
10410,2025-01-18,Mouse Inalámbrico,,Ambato,$35
10411,2025-01-18,Teclado Mecánico,2.0,Quito,$85
10412,2025-01-18,Mouse Inalámbrico,4.0,Ambato,$35
10413,2025-01-18,"Monitor 24""",4.0,Loja,$300
10414,2025-01-18,"Monitor 24""",5.0,Ambato,$300
10415,2025-01-18,Hub USB-C,1.0,Cuenca,$45
10416,2025-01-18,Teclado Mecánico,5.0,Cuenca,$85
10417,2025-01-18,Laptop,3.0,Cuenca,$1200
10418,2025-01-18,"Monitor 24""",2.0,Quito,$300
10419,2025-01-18,Hub USB-C,3.0,Quito,$45
10420,2025-01-18,Auriculares Gamer,4.0,Ambato,$120
10421,2025-01-18,Hub USB-C,5.0,Cuenca,$45
10422,2025-01-18,"Monitor 24""",5.0,Quito,$300
10423,2025-01-18,"Monitor 24""",5.0,Guayaquil,$300
10424,2025-01-18,Hub USB-C,3.0,Ambato,$45
10425,2025-01-18,Laptop,4.0,Loja,$1200
10426,2025-01-18,Mouse Inalámbrico,2.0,Manta,$35
10427,2025-01-18,"Monitor 24""",2.0,Ambato,$300
10428,2025-01-18,Hub USB-C,3.0,Manta,$45
10429,2025-01-18,Hub USB-C,5.0,Cuenca,$45
10430,2025-01-18,Teclado Mecánico,1.0,Manta,$85
10431,2025-01-18,Mouse Inalámbrico,3.0,Cuenca,$35
10432,2025-01-18,Auriculares Gamer,3.0,Guayaquil,$120
10433,2025-01-19,Laptop,4.0,Manta,$1200
10434,2025-01-19,Auriculares Gamer,2.0,Ambato,$120
10435,2025-01-19,Mouse Inalámbrico,3.0,Cuenca,$35
10436,2025-01-19,Mouse Inalámbrico,3.0,Ambato,$35
10437,2025-01-19,Mouse Inalámbrico,5.0,Quito,$35
10438,2025-01-19,Auriculares Gamer,5.0,Cuenca,$120
10439,2025-01-19,Mouse Inalámbrico,1.0,Manta,$35
10440,2025-01-19,Hub USB-C,4.0,Cuenca,$45
10441,2025-01-19,Auriculares Gamer,1.0,Ambato,$120
10442,2025-01-19,Mouse Inalámbrico,5.0,Guayaquil,$35
10443,2025-01-19,Hub USB-C,2.0,Cuenca,$45
10444,2025-01-19,Teclado Mecánico,5.0,Manta,$85
10445,2025-01-19,Mouse Inalámbrico,4.0,Quito,$35
10446,2025-01-19,Auriculares Gamer,5.0,Loja,$120
10447,2025-01-19,"Monitor 24""",4.0,Guayaquil,$300
10448,2025-01-19,Mouse Inalámbrico,4.0,Quito,$35
10449,2025-01-19,"Monitor 24""",4.0,Cuenca,$300
10450,2025-01-19,Hub USB-C,4.0,Ambato,$45
10451,2025-01-19,Teclado Mecánico,4.0,Ambato,$85
10452,2025-01-19,Laptop,2.0,Manta,$1200
10453,2025-01-19,Teclado Mecánico,1.0,Ambato,$85
10454,2025-01-19,Mouse Inalámbrico,3.0,Guayaquil,$35
10455,2025-01-19,"Monitor 24""",1.0,Ambato,$300
10456,2025-01-19,"Monitor 24""",4.0,Manta,$300
10457,2025-01-20,Auriculares Gamer,2.0,Loja,$120
10458,2025-01-20,"Monitor 24""",5.0,Cuenca,$300
10459,2025-01-20,Auriculares Gamer,2.0,Cuenca,$120
10460,2025-01-20,Hub USB-C,4.0,Ambato,$45
10461,2025-01-20,Laptop,2.0,Quito,$1200
10462,2025-01-20,Mouse Inalámbrico,2.0,Cuenca,$35
10463,2025-01-20,Auriculares Gamer,4.0,Loja,$120
10464,2025-01-20,Laptop,2.0,Ambato,$1200
10465,2025-01-20,"Monitor 24""",3.0,Manta,$300
10466,2025-01-20,"Monitor 24""",3.0,Loja,$300
10467,2025-01-20,Laptop,2.0,Ambato,$1200
10468,2025-01-20,"Monitor 24""",5.0,Loja,$300
10469,2025-01-20,Hub USB-C,4.0,Cuenca,$45
10470,2025-01-20,Hub USB-C,3.0,Manta,$45
10471,2025-01-20,Laptop,5.0,Ambato,$1200
10472,2025-01-20,Auriculares Gamer,2.0,Guayaquil,$120
10473,2025-01-20,Auriculares Gamer,5.0,Manta,$120
10474,2025-01-20,Laptop,1.0,Guayaquil,$1200
10475,2025-01-20,Auriculares Gamer,3.0,Loja,$120
10476,2025-01-20,Auriculares Gamer,2.0,Quito,$120
10477,2025-01-20,Hub USB-C,4.0,Manta,$45
10478,2025-01-20,Auriculares Gamer,2.0,Loja,$120
10479,2025-01-20,Teclado Mecánico,4.0,Guayaquil,$85
10480,2025-01-20,Mouse Inalámbrico,2.0,Cuenca,$35
10481,2025-01-21,"Monitor 24""",5.0,Cuenca,$300
10482,2025-01-21,Teclado Mecánico,5.0,Quito,$85
10483,2025-01-21,Auriculares Gamer,5.0,Manta,$120
10484,2025-01-21,Hub USB-C,1.0,Manta,$45
10485,2025-01-21,Laptop,4.0,Manta,$1200
10486,2025-01-21,Auriculares Gamer,5.0,Loja,$120
10487,2025-01-21,Hub USB-C,1.0,Quito,$45
10488,2025-01-21,Mouse Inalámbrico,4.0,Manta,$35
10489,2025-01-21,Auriculares Gamer,2.0,Loja,$120
10490,2025-01-21,Laptop,1.0,Cuenca,$1200
10491,2025-01-21,Hub USB-C,3.0,Guayaquil,$45
10492,2025-01-21,Hub USB-C,1.0,Loja,$45
10493,2025-01-21,Hub USB-C,1.0,Cuenca,$45
10494,2025-01-21,Mouse Inalámbrico,4.0,Cuenca,$35
10495,2025-01-21,Auriculares Gamer,2.0,Guayaquil,$120
10496,2025-01-21,Mouse Inalámbrico,3.0,Cuenca,$35
10497,2025-01-21,"Monitor 24""",5.0,Quito,$300
10498,2025-01-21,"Monitor 24""",5.0,Guayaquil,$300
10499,2025-01-21,Auriculares Gamer,1.0,Cuenca,$120
10500,2025-01-21,Mouse Inalámbrico,4.0,Ambato,$35
10501,2025-01-21,Laptop,4.0,Loja,$1200
10502,2025-01-21,Hub USB-C,5.0,Cuenca,$45
10503,2025-01-21,Hub USB-C,3.0,Quito,$45
10504,2025-01-21,Auriculares Gamer,2.0,Manta,$120
10505,2025-01-22,"Monitor 24""",3.0,Cuenca,$300
10506,2025-01-22,"Monitor 24""",2.0,Manta,$300
10507,2025-01-22,Hub USB-C,,Ambato,$45
10508,2025-01-22,Auriculares Gamer,2.0,Cuenca,$120
10509,2025-01-22,Mouse Inalámbrico,4.0,Guayaquil,$35
10510,2025-01-22,"Monitor 24""",1.0,Manta,$300
10511,2025-01-22,Mouse Inalámbrico,1.0,Ambato,$35
10512,2025-01-22,"Monitor 24""",5.0,Guayaquil,$300
10513,2025-01-22,"Monitor 24""",4.0,Guayaquil,$300
10514,2025-01-22,Teclado Mecánico,3.0,Guayaquil,$85
10515,2025-01-22,"Monitor 24""",4.0,Guayaquil,$300
10516,2025-01-22,Laptop,1.0,Cuenca,$1200
10517,2025-01-22,Auriculares Gamer,1.0,Loja,$120
10518,2025-01-22,Auriculares Gamer,4.0,Cuenca,$120
10519,2025-01-22,Mouse Inalámbrico,4.0,Cuenca,$35
10520,2025-01-22,"Monitor 24""",1.0,Ambato,$300
10521,2025-01-22,Laptop,3.0,Ambato,$1200
10522,2025-01-22,Mouse Inalámbrico,5.0,Loja,$35
10523,2025-01-22,Teclado Mecánico,5.0,Ambato,$85
10524,2025-01-22,Mouse Inalámbrico,4.0,Quito,$35
10525,2025-01-22,Mouse Inalámbrico,5.0,Loja,$35
10526,2025-01-22,"Monitor 24""",1.0,Ambato,$300
10527,2025-01-22,Teclado Mecánico,1.0,Loja,$85
10528,2025-01-22,Mouse Inalámbrico,4.0,Cuenca,$35
10529,2025-01-23,Laptop,4.0,Cuenca,$1200
10530,2025-01-23,Laptop,4.0,Loja,$1200
10531,2025-01-23,Auriculares Gamer,3.0,Quito,$120
10532,2025-01-23,Teclado Mecánico,5.0,Quito,$85
10533,2025-01-23,Teclado Mecánico,4.0,Loja,$85
10534,2025-01-23,Auriculares Gamer,2.0,Ambato,$120
10535,2025-01-23,Mouse Inalámbrico,2.0,Manta,$35
10536,2025-01-23,Teclado Mecánico,1.0,Quito,$85
10537,2025-01-23,Laptop,5.0,Guayaquil,$1200
10538,2025-01-23,Laptop,4.0,Cuenca,$1200
10539,2025-01-23,"Monitor 24""",2.0,Loja,$300
10540,2025-01-23,Teclado Mecánico,5.0,Guayaquil,$85
10541,2025-01-23,Mouse Inalámbrico,1.0,Loja,$35
10542,2025-01-23,Auriculares Gamer,3.0,Cuenca,$120
10543,2025-01-23,Auriculares Gamer,5.0,Cuenca,$120
10544,2025-01-23,Mouse Inalámbrico,5.0,Quito,$35
10545,2025-01-23,Hub USB-C,,Quito,$45
10546,2025-01-23,"Monitor 24""",5.0,Guayaquil,$300
10547,2025-01-23,Auriculares Gamer,1.0,Loja,$120
10548,2025-01-23,Teclado Mecánico,1.0,Cuenca,$85
10549,2025-01-23,"Monitor 24""",3.0,Guayaquil,$300
10550,2025-01-23,Teclado Mecánico,4.0,Manta,$85
10551,2025-01-23,Laptop,2.0,Guayaquil,$1200
10552,2025-01-23,"Monitor 24""",4.0,Ambato,$300
10553,2025-01-24,Auriculares Gamer,5.0,Guayaquil,$120
10554,2025-01-24,"Monitor 24""",2.0,Ambato,$300
10555,2025-01-24,"Monitor 24""",,Ambato,$300
10556,2025-01-24,"Monitor 24""",3.0,Ambato,$300
10557,2025-01-24,Hub USB-C,2.0,Manta,$45
10558,2025-01-24,"Monitor 24""",1.0,Guayaquil,$300
10559,2025-01-24,Teclado Mecánico,2.0,Guayaquil,$85
10560,2025-01-24,Laptop,5.0,Manta,$1200
10561,2025-01-24,Mouse Inalámbrico,1.0,Cuenca,$35
10562,2025-01-24,"Monitor 24""",3.0,Quito,$300
10563,2025-01-24,Auriculares Gamer,2.0,Guayaquil,$120
10564,2025-01-24,"Monitor 24""",4.0,Quito,$300
10565,2025-01-24,Auriculares Gamer,4.0,Loja,$120
10566,2025-01-24,Teclado Mecánico,5.0,Loja,$85
10567,2025-01-24,Auriculares Gamer,4.0,Manta,$120
10568,2025-01-24,Mouse Inalámbrico,2.0,Loja,$35
10569,2025-01-24,Laptop,2.0,Loja,$1200
10570,2025-01-24,Auriculares Gamer,4.0,Cuenca,$120
10571,2025-01-24,Auriculares Gamer,2.0,Cuenca,$120
10572,2025-01-24,Laptop,5.0,Cuenca,$1200
10573,2025-01-24,Mouse Inalámbrico,1.0,Loja,$35
10574,2025-01-24,"Monitor 24""",5.0,Manta,$300
10575,2025-01-24,Auriculares Gamer,5.0,Ambato,$120
10576,2025-01-24,Laptop,2.0,Ambato,$1200
10577,2025-01-25,Teclado Mecánico,1.0,Quito,$85
10578,2025-01-25,Laptop,2.0,Ambato,$1200
10579,2025-01-25,Teclado Mecánico,3.0,Ambato,$85
10580,2025-01-25,Mouse Inalámbrico,2.0,Cuenca,$35
10581,2025-01-25,"Monitor 24""",2.0,Cuenca,$300
10582,2025-01-25,Laptop,2.0,Loja,$1200
10583,2025-01-25,Hub USB-C,1.0,Quito,$45
10584,2025-01-25,Auriculares Gamer,2.0,Guayaquil,$120
10585,2025-01-25,Mouse Inalámbrico,1.0,Quito,$35
10586,2025-01-25,Laptop,4.0,Quito,$1200
10587,2025-01-25,Auriculares Gamer,3.0,Manta,$120
10588,2025-01-25,Laptop,1.0,Loja,$1200
10589,2025-01-25,Teclado Mecánico,4.0,Manta,$85
10590,2025-01-25,Laptop,1.0,Quito,$1200
10591,2025-01-25,Hub USB-C,1.0,Quito,$45
10592,2025-01-25,Laptop,3.0,Quito,$1200
10593,2025-01-25,Laptop,5.0,Ambato,$1200
10594,2025-01-25,Hub USB-C,5.0,Manta,$45
10595,2025-01-25,Mouse Inalámbrico,1.0,Quito,$35
10596,2025-01-25,Laptop,2.0,Cuenca,$1200
10597,2025-01-25,Hub USB-C,4.0,Loja,$45
10598,2025-01-25,Auriculares Gamer,2.0,Loja,$120
10599,2025-01-25,Teclado Mecánico,2.0,Cuenca,$85
10600,2025-01-25,Teclado Mecánico,1.0,Loja,$85
10601,2025-01-26,Laptop,1.0,Ambato,$1200
10602,2025-01-26,Mouse Inalámbrico,1.0,Ambato,$35
10603,2025-01-26,Mouse Inalámbrico,1.0,Guayaquil,$35
10604,2025-01-26,Auriculares Gamer,,Guayaquil,$120
10605,2025-01-26,Laptop,1.0,Guayaquil,$1200
10606,2025-01-26,Teclado Mecánico,5.0,Loja,$85
10607,2025-01-26,Mouse Inalámbrico,5.0,Ambato,$35
10608,2025-01-26,Laptop,1.0,Ambato,$1200
10609,2025-01-26,Mouse Inalámbrico,3.0,Ambato,$35
10610,2025-01-26,Hub USB-C,4.0,Cuenca,$45
10611,2025-01-26,Mouse Inalámbrico,2.0,Ambato,$35
10612,2025-01-26,Teclado Mecánico,5.0,Cuenca,$85
10613,2025-01-26,"Monitor 24""",4.0,Guayaquil,$300
10614,2025-01-26,Auriculares Gamer,3.0,Guayaquil,$120
10615,2025-01-26,Auriculares Gamer,2.0,Loja,$120
10616,2025-01-26,Teclado Mecánico,2.0,Guayaquil,$85
10617,2025-01-26,Mouse Inalámbrico,5.0,Loja,$35
10618,2025-01-26,Laptop,1.0,Quito,$1200
10619,2025-01-26,Mouse Inalámbrico,3.0,Quito,$35
10620,2025-01-26,Teclado Mecánico,5.0,Manta,$85
10621,2025-01-26,Auriculares Gamer,3.0,Loja,$120
10622,2025-01-26,Mouse Inalámbrico,1.0,Manta,$35
10623,2025-01-26,Auriculares Gamer,1.0,Manta,$120
10624,2025-01-26,Laptop,5.0,Quito,$1200
10625,2025-01-27,Auriculares Gamer,1.0,Loja,$120
10626,2025-01-27,Auriculares Gamer,4.0,Quito,$120
10627,2025-01-27,"Monitor 24""",2.0,Manta,$300
10628,2025-01-27,"Monitor 24""",5.0,Loja,$300
10629,2025-01-27,Hub USB-C,,Manta,$45
10630,2025-01-27,"Monitor 24""",4.0,Ambato,$300
10631,2025-01-27,Auriculares Gamer,5.0,Loja,$120
10632,2025-01-27,Teclado Mecánico,1.0,Loja,$85
10633,2025-01-27,Auriculares Gamer,1.0,Manta,$120
10634,2025-01-27,Teclado Mecánico,1.0,Ambato,$85
10635,2025-01-27,Teclado Mecánico,1.0,Cuenca,$85
10636,2025-01-27,"Monitor 24""",3.0,Quito,$300
10637,2025-01-27,Mouse Inalámbrico,4.0,Manta,$35
10638,2025-01-27,Laptop,2.0,Loja,$1200
10639,2025-01-27,"Monitor 24""",3.0,Quito,$300
10640,2025-01-27,"Monitor 24""",3.0,Quito,$300
10641,2025-01-27,Mouse Inalámbrico,2.0,Quito,$35
10642,,Laptop,2.0,Cuenca,$1200
10643,2025-01-27,Auriculares Gamer,1.0,Guayaquil,$120
10644,2025-01-27,Hub USB-C,3.0,Manta,$45
10645,2025-01-27,Hub USB-C,5.0,Guayaquil,$45
10646,2025-01-27,Auriculares Gamer,2.0,Guayaquil,$120
10647,2025-01-27,"Monitor 24""",2.0,Guayaquil,$300
10648,2025-01-27,Laptop,4.0,Quito,$1200
10649,2025-01-28,"Monitor 24""",5.0,Ambato,$300
10650,2025-01-28,Teclado Mecánico,5.0,Quito,$85
10651,2025-01-28,"Monitor 24""",2.0,Quito,$300
10652,2025-01-28,"Monitor 24""",1.0,Loja,$300
10653,2025-01-28,Auriculares Gamer,4.0,Loja,$120
10654,2025-01-28,Auriculares Gamer,5.0,Guayaquil,$120
10655,2025-01-28,Auriculares Gamer,2.0,Quito,$120
10656,2025-01-28,Hub USB-C,5.0,Guayaquil,$45
10657,2025-01-28,Teclado Mecánico,4.0,Loja,$85
10658,2025-01-28,Auriculares Gamer,4.0,Ambato,$120
10659,2025-01-28,Laptop,3.0,Manta,$1200
10660,2025-01-28,Hub USB-C,2.0,Guayaquil,$45
10661,2025-01-28,Mouse Inalámbrico,4.0,Ambato,$35
10662,2025-01-28,Laptop,3.0,Manta,$1200
10663,2025-01-28,Laptop,3.0,Cuenca,$1200
10664,2025-01-28,Auriculares Gamer,5.0,Guayaquil,$120
10665,2025-01-28,Mouse Inalámbrico,5.0,Guayaquil,$35
10666,2025-01-28,Mouse Inalámbrico,3.0,Cuenca,$35
10667,2025-01-28,Hub USB-C,5.0,Cuenca,$45
10668,2025-01-28,Mouse Inalámbrico,4.0,Guayaquil,$35
10669,2025-01-28,Teclado Mecánico,1.0,Cuenca,$85
10670,2025-01-28,Auriculares Gamer,4.0,Quito,$120
10671,2025-01-28,Mouse Inalámbrico,3.0,Manta,$35
10672,2025-01-28,Hub USB-C,3.0,Manta,$45
10673,2025-01-29,Teclado Mecánico,4.0,Manta,$85
10674,2025-01-29,"Monitor 24""",5.0,Quito,$300
10675,2025-01-29,"Monitor 24""",5.0,Cuenca,$300
10676,2025-01-29,Teclado Mecánico,3.0,Ambato,$85
10677,2025-01-29,Hub USB-C,,Cuenca,$45
10678,2025-01-29,Teclado Mecánico,5.0,Guayaquil,$85
10679,2025-01-29,Auriculares Gamer,4.0,Loja,$120
10680,2025-01-29,Auriculares Gamer,5.0,Manta,$120
10681,2025-01-29,"Monitor 24""",,Cuenca,$300
10682,2025-01-29,Mouse Inalámbrico,3.0,Ambato,$35
10683,2025-01-29,Hub USB-C,5.0,Guayaquil,$45
10684,2025-01-29,"Monitor 24""",4.0,Quito,$300
10685,2025-01-29,Mouse Inalámbrico,3.0,Quito,$35
10686,2025-01-29,Mouse Inalámbrico,2.0,Ambato,$35
10687,2025-01-29,Auriculares Gamer,4.0,Guayaquil,$120
10688,2025-01-29,Laptop,2.0,Manta,$1200
10689,2025-01-29,Laptop,2.0,Cuenca,$1200
10690,2025-01-29,Teclado Mecánico,1.0,Guayaquil,$85
10691,2025-01-29,Auriculares Gamer,5.0,Quito,$120
10692,2025-01-29,Mouse Inalámbrico,4.0,Ambato,$35
10693,2025-01-29,Hub USB-C,2.0,Ambato,$45
10694,2025-01-29,Laptop,1.0,Cuenca,$1200
10695,2025-01-29,Mouse Inalámbrico,3.0,Ambato,$35
10696,2025-01-29,Laptop,4.0,Ambato,$1200
10697,2025-01-30,Laptop,2.0,Guayaquil,$1200
10698,2025-01-30,Laptop,5.0,Manta,$1200
10699,2025-01-30,Hub USB-C,1.0,Cuenca,$45
10700,2025-01-30,Auriculares Gamer,2.0,Guayaquil,$120
10701,2025-01-30,Hub USB-C,5.0,Manta,$45
10702,2025-01-30,"Monitor 24""",2.0,Guayaquil,$300
10703,2025-01-30,Mouse Inalámbrico,4.0,Loja,$35
10704,2025-01-30,Auriculares Gamer,4.0,Guayaquil,$120
10705,2025-01-30,Auriculares Gamer,4.0,Ambato,$120
10706,2025-01-30,Auriculares Gamer,1.0,Manta,$120
10707,2025-01-30,Auriculares Gamer,4.0,Cuenca,$120
10708,2025-01-30,Hub USB-C,5.0,Cuenca,$45
10709,2025-01-30,Auriculares Gamer,2.0,Manta,$120
10710,2025-01-30,Teclado Mecánico,3.0,Ambato,$85
10711,2025-01-30,Mouse Inalámbrico,5.0,Quito,$35
10712,2025-01-30,Auriculares Gamer,5.0,Guayaquil,$120
10713,2025-01-30,Mouse Inalámbrico,4.0,Ambato,$35
10714,2025-01-30,Teclado Mecánico,1.0,Loja,$85
10715,2025-01-30,Teclado Mecánico,2.0,Manta,$85
10716,2025-01-30,Mouse Inalámbrico,1.0,Guayaquil,$35
10717,2025-01-30,Laptop,2.0,Cuenca,$1200
10718,2025-01-30,"Monitor 24""",2.0,Quito,$300
10719,2025-01-30,Laptop,1.0,Loja,$1200
10720,2025-01-30,Laptop,5.0,Cuenca,$1200
10721,2025-01-31,Hub USB-C,2.0,Manta,$45
10722,2025-01-31,Laptop,1.0,Guayaquil,$1200
10723,2025-01-31,Auriculares Gamer,2.0,Manta,$120
10724,2025-01-31,Hub USB-C,,Guayaquil,$45
10725,,Hub USB-C,5.0,Ambato,$45
10726,2025-01-31,Teclado Mecánico,4.0,Quito,$85
10727,2025-01-31,Laptop,2.0,Ambato,$1200
10728,2025-01-31,Teclado Mecánico,3.0,Ambato,$85
10729,2025-01-31,Mouse Inalámbrico,4.0,Manta,$35
10730,2025-01-31,"Monitor 24""",4.0,Quito,$300
10731,2025-01-31,Hub USB-C,2.0,Guayaquil,$45
10732,2025-01-31,Mouse Inalámbrico,1.0,Guayaquil,$35
10733,2025-01-31,Mouse Inalámbrico,2.0,Loja,$35
10734,2025-01-31,Auriculares Gamer,3.0,Cuenca,$120
10735,2025-01-31,"Monitor 24""",4.0,Loja,$300
10736,2025-01-31,Mouse Inalámbrico,2.0,Loja,$35
10737,2025-01-31,Mouse Inalámbrico,1.0,Guayaquil,$35
10738,2025-01-31,"Monitor 24""",2.0,Manta,$300
10739,2025-01-31,"Monitor 24""",5.0,Ambato,$300
10740,2025-01-31,Mouse Inalámbrico,1.0,Ambato,$35
10741,2025-01-31,"Monitor 24""",3.0,Ambato,$300
10742,2025-01-31,Mouse Inalámbrico,4.0,Quito,$35
10743,2025-01-31,Mouse Inalámbrico,2.0,Guayaquil,$35
10744,2025-01-31,Auriculares Gamer,1.0,Manta,$120
10745,2025-02-01,Laptop,5.0,Quito,$1200
10746,2025-02-01,Mouse Inalámbrico,1.0,Cuenca,$35
10747,2025-02-01,Teclado Mecánico,5.0,Manta,$85
10748,2025-02-01,Hub USB-C,3.0,Loja,$45
10749,2025-02-01,Laptop,4.0,Manta,$1200
10750,2025-02-01,Laptop,3.0,Manta,$1200
10751,2025-02-01,Laptop,2.0,Ambato,$1200
10752,2025-02-01,Auriculares Gamer,1.0,Manta,$120
10753,2025-02-01,Mouse Inalámbrico,5.0,Loja,$35
10754,2025-02-01,Auriculares Gamer,5.0,Loja,$120
10755,2025-02-01,Mouse Inalámbrico,1.0,Guayaquil,$35
10756,2025-02-01,Auriculares Gamer,,Manta,$120
10757,2025-02-01,Auriculares Gamer,2.0,Ambato,$120
10758,2025-02-01,Hub USB-C,3.0,Manta,$45
10759,2025-02-01,Teclado Mecánico,5.0,Cuenca,$85
10760,2025-02-01,Auriculares Gamer,2.0,Cuenca,$120
10761,2025-02-01,Hub USB-C,3.0,Ambato,$45
10762,2025-02-01,"Monitor 24""",2.0,Guayaquil,$300
10763,2025-02-01,Teclado Mecánico,5.0,Guayaquil,$85
10764,2025-02-01,Auriculares Gamer,1.0,Loja,$120
10765,2025-02-01,Laptop,1.0,Loja,$1200
10766,2025-02-01,"Monitor 24""",3.0,Quito,$300
10767,2025-02-01,"Monitor 24""",4.0,Ambato,$300
10768,2025-02-01,Hub USB-C,3.0,Manta,$45
10769,2025-02-02,"Monitor 24""",4.0,Ambato,$300
10770,2025-02-02,Teclado Mecánico,2.0,Quito,$85
10771,2025-02-02,Auriculares Gamer,2.0,Loja,$120
10772,2025-02-02,Auriculares Gamer,5.0,Ambato,$120
10773,2025-02-02,Laptop,4.0,Ambato,$1200
10774,2025-02-02,Hub USB-C,5.0,Loja,$45
10775,2025-02-02,Laptop,1.0,Quito,$1200
10776,,"Monitor 24""",4.0,Loja,$300
10777,2025-02-02,Laptop,3.0,Guayaquil,$1200
10778,2025-02-02,Teclado Mecánico,1.0,Manta,$85
10779,2025-02-02,Auriculares Gamer,1.0,Loja,$120
10780,2025-02-02,"Monitor 24""",3.0,Quito,$300
10781,2025-02-02,Laptop,1.0,Cuenca,$1200
10782,2025-02-02,Hub USB-C,4.0,Guayaquil,$45
10783,2025-02-02,Teclado Mecánico,5.0,Cuenca,$85
10784,2025-02-02,Teclado Mecánico,1.0,Loja,$85
10785,2025-02-02,Laptop,4.0,Guayaquil,$1200
10786,2025-02-02,Auriculares Gamer,,Manta,$120
10787,2025-02-02,Laptop,4.0,Loja,$1200
10788,2025-02-02,"Monitor 24""",5.0,Manta,$300
10789,2025-02-02,Laptop,4.0,Ambato,$1200
10790,2025-02-02,Teclado Mecánico,3.0,Cuenca,$85
10791,2025-02-02,Laptop,5.0,Guayaquil,$1200
10792,2025-02-02,Auriculares Gamer,2.0,Manta,$120
10793,2025-02-03,Hub USB-C,3.0,Quito,$45
10794,2025-02-03,Mouse Inalámbrico,4.0,Manta,$35
10795,2025-02-03,Laptop,,Quito,$1200
10796,2025-02-03,Auriculares Gamer,2.0,Loja,$120
10797,2025-02-03,Auriculares Gamer,3.0,Guayaquil,$120
10798,2025-02-03,Hub USB-C,2.0,Manta,$45
10799,2025-02-03,Teclado Mecánico,4.0,Manta,$85
10800,2025-02-03,Auriculares Gamer,2.0,Guayaquil,$120
10801,2025-02-03,Auriculares Gamer,1.0,Manta,$120
10802,2025-02-03,Auriculares Gamer,3.0,Quito,$120
10803,2025-02-03,Auriculares Gamer,2.0,Manta,$120
10804,2025-02-03,"Monitor 24""",4.0,Cuenca,$300
10805,2025-02-03,"Monitor 24""",4.0,Loja,$300
10806,2025-02-03,Teclado Mecánico,2.0,Ambato,$85
10807,2025-02-03,Laptop,4.0,Quito,$1200
10808,2025-02-03,Auriculares Gamer,5.0,Cuenca,$120
10809,2025-02-03,Hub USB-C,5.0,Loja,$45
10810,2025-02-03,Laptop,5.0,Guayaquil,$1200
10811,2025-02-03,Hub USB-C,1.0,Quito,$45
10812,2025-02-03,Laptop,2.0,Ambato,$1200
10813,2025-02-03,Teclado Mecánico,1.0,Loja,$85
10814,2025-02-03,Auriculares Gamer,4.0,Ambato,$120
10815,2025-02-03,Auriculares Gamer,1.0,Guayaquil,$120
10816,2025-02-03,Mouse Inalámbrico,4.0,Guayaquil,$35
10817,2025-02-04,Hub USB-C,4.0,Quito,$45
10818,2025-02-04,Laptop,3.0,Manta,$1200
10819,2025-02-04,Laptop,5.0,Guayaquil,$1200
10820,2025-02-04,"Monitor 24""",4.0,Loja,$300
10821,2025-02-04,Mouse Inalámbrico,3.0,Manta,$35
10822,2025-02-04,"Monitor 24""",5.0,Cuenca,$300
10823,2025-02-04,"Monitor 24""",4.0,Ambato,$300
10824,2025-02-04,"Monitor 24""",4.0,Manta,$300
10825,2025-02-04,Hub USB-C,1.0,Ambato,$45
10826,2025-02-04,Hub USB-C,1.0,Manta,$45
10827,2025-02-04,Teclado Mecánico,5.0,Cuenca,$85
10828,2025-02-04,Teclado Mecánico,4.0,Guayaquil,$85
10829,2025-02-04,"Monitor 24""",2.0,Cuenca,$300
10830,2025-02-04,Mouse Inalámbrico,1.0,Guayaquil,$35
10831,2025-02-04,Laptop,5.0,Guayaquil,$1200
10832,2025-02-04,Hub USB-C,4.0,Ambato,$45
10833,2025-02-04,Mouse Inalámbrico,4.0,Loja,$35
10834,2025-02-04,Auriculares Gamer,2.0,Cuenca,$120
10835,2025-02-04,Hub USB-C,5.0,Manta,$45
10836,2025-02-04,Hub USB-C,4.0,Cuenca,$45
10837,2025-02-04,Teclado Mecánico,1.0,Ambato,$85
10838,2025-02-04,Laptop,2.0,Guayaquil,$1200
10839,2025-02-04,Laptop,5.0,Ambato,$1200
10840,2025-02-04,Auriculares Gamer,2.0,Quito,$120
10841,2025-02-05,Auriculares Gamer,1.0,Quito,$120
10842,2025-02-05,Hub USB-C,5.0,Manta,$45
10843,2025-02-05,"Monitor 24""",2.0,Ambato,$300
10844,2025-02-05,Teclado Mecánico,3.0,Manta,$85
10845,2025-02-05,Teclado Mecánico,1.0,Manta,$85
10846,2025-02-05,Hub USB-C,1.0,Quito,$45
10847,2025-02-05,Mouse Inalámbrico,1.0,Manta,$35
10848,2025-02-05,"Monitor 24""",3.0,Quito,$300
10849,2025-02-05,Hub USB-C,3.0,Guayaquil,$45
10850,2025-02-05,"Monitor 24""",4.0,Ambato,$300
10851,2025-02-05,"Monitor 24""",2.0,Manta,$300
10852,2025-02-05,"Monitor 24""",4.0,Quito,$300
10853,2025-02-05,Hub USB-C,2.0,Cuenca,$45
10854,2025-02-05,Teclado Mecánico,3.0,Manta,$85
10855,2025-02-05,Teclado Mecánico,3.0,Loja,$85
10856,2025-02-05,"Monitor 24""",4.0,Guayaquil,$300
10857,2025-02-05,Mouse Inalámbrico,5.0,Guayaquil,$35
10858,2025-02-05,Laptop,4.0,Cuenca,$1200
10859,2025-02-05,Hub USB-C,2.0,Quito,$45
10860,2025-02-05,Laptop,4.0,Manta,$1200
10861,2025-02-05,Mouse Inalámbrico,1.0,Quito,$35
10862,2025-02-05,Hub USB-C,2.0,Guayaquil,$45
10863,2025-02-05,"Monitor 24""",,Quito,$300
10864,2025-02-05,Teclado Mecánico,5.0,Guayaquil,$85
10865,2025-02-06,Laptop,3.0,Quito,$1200
10866,2025-02-06,Auriculares Gamer,2.0,Cuenca,$120
10867,2025-02-06,Auriculares Gamer,3.0,Ambato,$120
10868,2025-02-06,Mouse Inalámbrico,4.0,Cuenca,$35
10869,2025-02-06,"Monitor 24""",1.0,Cuenca,$300
10870,2025-02-06,Laptop,5.0,Ambato,$1200
10871,2025-02-06,"Monitor 24""",3.0,Ambato,$300
10872,2025-02-06,Laptop,2.0,Manta,$1200
10873,2025-02-06,Mouse Inalámbrico,3.0,Manta,$35
10874,2025-02-06,Mouse Inalámbrico,2.0,Cuenca,$35
10875,2025-02-06,Auriculares Gamer,3.0,Cuenca,$120
10876,2025-02-06,"Monitor 24""",2.0,Guayaquil,$300
10877,2025-02-06,Hub USB-C,4.0,Guayaquil,$45
10878,2025-02-06,Auriculares Gamer,2.0,Manta,$120
10879,2025-02-06,"Monitor 24""",2.0,Loja,$300
10880,2025-02-06,Auriculares Gamer,1.0,Loja,$120
10881,2025-02-06,Hub USB-C,2.0,Manta,$45
10882,2025-02-06,Teclado Mecánico,1.0,Guayaquil,$85
10883,2025-02-06,Teclado Mecánico,5.0,Guayaquil,$85
10884,2025-02-06,Teclado Mecánico,1.0,Loja,$85
10885,2025-02-06,Teclado Mecánico,4.0,Quito,$85
10886,2025-02-06,Laptop,1.0,Quito,$1200
10887,2025-02-06,Teclado Mecánico,5.0,Guayaquil,$85
10888,2025-02-06,Hub USB-C,4.0,Quito,$45
10889,2025-02-07,Mouse Inalámbrico,3.0,Ambato,$35
10890,2025-02-07,Mouse Inalámbrico,3.0,Manta,$35
10891,2025-02-07,Laptop,1.0,Manta,$1200
10892,2025-02-07,Teclado Mecánico,1.0,Guayaquil,$85
10893,2025-02-07,Teclado Mecánico,5.0,Cuenca,$85
10894,2025-02-07,Teclado Mecánico,5.0,Loja,$85
10895,2025-02-07,Auriculares Gamer,2.0,Guayaquil,$120
10896,2025-02-07,"Monitor 24""",5.0,Quito,$300
10897,2025-02-07,Auriculares Gamer,2.0,Loja,$120
10898,2025-02-07,"Monitor 24""",4.0,Cuenca,$300
10899,2025-02-07,Teclado Mecánico,1.0,Quito,$85
10900,2025-02-07,Teclado Mecánico,4.0,Ambato,$85
10901,2025-02-07,Auriculares Gamer,5.0,Quito,$120
10902,2025-02-07,Auriculares Gamer,4.0,Ambato,$120
10903,,"Monitor 24""",4.0,Loja,$300
10904,2025-02-07,Mouse Inalámbrico,4.0,Ambato,$35
10905,2025-02-07,"Monitor 24""",5.0,Loja,$300
10906,2025-02-07,Auriculares Gamer,4.0,Loja,$120
10907,2025-02-07,Hub USB-C,2.0,Loja,$45
10908,2025-02-07,Auriculares Gamer,5.0,Loja,$120
10909,2025-02-07,Hub USB-C,4.0,Loja,$45
10910,2025-02-07,Laptop,5.0,Quito,$1200
10911,2025-02-07,Auriculares Gamer,3.0,Loja,$120
10912,2025-02-07,Laptop,2.0,Quito,$1200
10913,2025-02-08,Mouse Inalámbrico,4.0,Loja,$35
10914,2025-02-08,"Monitor 24""",3.0,Ambato,$300
10915,2025-02-08,Hub USB-C,3.0,Loja,$45
10916,2025-02-08,"Monitor 24""",5.0,Cuenca,$300
10917,2025-02-08,Laptop,3.0,Loja,$1200
10918,2025-02-08,Hub USB-C,2.0,Loja,$45
10919,2025-02-08,"Monitor 24""",2.0,Ambato,$300
10920,2025-02-08,Auriculares Gamer,1.0,Manta,$120
10921,2025-02-08,Teclado Mecánico,2.0,Ambato,$85
10922,2025-02-08,Laptop,3.0,Cuenca,$1200
10923,2025-02-08,"Monitor 24""",2.0,Manta,$300
10924,2025-02-08,Laptop,5.0,Guayaquil,$1200
10925,2025-02-08,Laptop,1.0,Guayaquil,$1200
10926,2025-02-08,Hub USB-C,3.0,Cuenca,$45
10927,2025-02-08,Hub USB-C,1.0,Ambato,$45
10928,2025-02-08,Teclado Mecánico,3.0,Quito,$85
10929,2025-02-08,Auriculares Gamer,5.0,Cuenca,$120
10930,2025-02-08,Laptop,1.0,Manta,$1200
10931,2025-02-08,"Monitor 24""",4.0,Manta,$300
10932,2025-02-08,Mouse Inalámbrico,3.0,Loja,$35
10933,2025-02-08,Laptop,4.0,Guayaquil,$1200
10934,2025-02-08,Laptop,1.0,Manta,$1200
10935,2025-02-08,Teclado Mecánico,4.0,Cuenca,$85
10936,2025-02-08,Auriculares Gamer,4.0,Manta,$120
10937,2025-02-09,Mouse Inalámbrico,1.0,Cuenca,$35
10938,2025-02-09,Hub USB-C,5.0,Quito,$45
10939,2025-02-09,Hub USB-C,4.0,Loja,$45
10940,2025-02-09,"Monitor 24""",4.0,Guayaquil,$300
10941,2025-02-09,Mouse Inalámbrico,5.0,Manta,$35
10942,2025-02-09,Hub USB-C,4.0,Cuenca,$45
10943,2025-02-09,"Monitor 24""",4.0,Ambato,$300
10944,2025-02-09,Auriculares Gamer,4.0,Guayaquil,$120
10945,2025-02-09,"Monitor 24""",2.0,Quito,$300
10946,2025-02-09,Hub USB-C,5.0,Cuenca,$45
10947,2025-02-09,Teclado Mecánico,4.0,Loja,$85
10948,2025-02-09,Teclado Mecánico,5.0,Loja,$85
10949,2025-02-09,Teclado Mecánico,3.0,Quito,$85
10950,2025-02-09,Hub USB-C,3.0,Quito,$45
10951,2025-02-09,Teclado Mecánico,4.0,Loja,$85
10952,2025-02-09,Mouse Inalámbrico,5.0,Manta,$35
10953,2025-02-09,Auriculares Gamer,5.0,Manta,$120
10954,2025-02-09,"Monitor 24""",,Cuenca,$300
10955,2025-02-09,"Monitor 24""",2.0,Ambato,$300
10956,2025-02-09,Hub USB-C,3.0,Cuenca,$45
10957,2025-02-09,Teclado Mecánico,5.0,Ambato,$85
10958,2025-02-09,Teclado Mecánico,5.0,Quito,$85
10959,2025-02-09,Laptop,2.0,Guayaquil,$1200
10960,2025-02-09,Auriculares Gamer,2.0,Cuenca,$120
10961,2025-02-10,Mouse Inalámbrico,5.0,Cuenca,$35
10962,2025-02-10,"Monitor 24""",1.0,Ambato,$300
10963,2025-02-10,Laptop,5.0,Quito,$1200
10964,2025-02-10,Laptop,5.0,Quito,$1200
10965,2025-02-10,Hub USB-C,2.0,Ambato,$45
10966,2025-02-10,"Monitor 24""",2.0,Quito,$300
10967,2025-02-10,Hub USB-C,5.0,Loja,$45
10968,2025-02-10,Mouse Inalámbrico,5.0,Manta,$35
10969,,Laptop,5.0,Loja,$1200
10970,2025-02-10,Laptop,2.0,Guayaquil,$1200
10971,2025-02-10,Auriculares Gamer,5.0,Cuenca,$120
10972,2025-02-10,Mouse Inalámbrico,5.0,Guayaquil,$35
10973,2025-02-10,Laptop,4.0,Cuenca,$1200
10974,2025-02-10,Mouse Inalámbrico,1.0,Manta,$35
10975,2025-02-10,"Monitor 24""",3.0,Quito,$300
10976,2025-02-10,Teclado Mecánico,1.0,Loja,$85
10977,2025-02-10,Laptop,4.0,Ambato,$1200
10978,2025-02-10,Auriculares Gamer,3.0,Loja,$120
10979,2025-02-10,"Monitor 24""",5.0,Manta,$300
10980,2025-02-10,Mouse Inalámbrico,4.0,Guayaquil,$35
10981,2025-02-10,Hub USB-C,5.0,Ambato,$45
10982,2025-02-10,"Monitor 24""",2.0,Quito,$300
10983,2025-02-10,Laptop,4.0,Manta,$1200
10984,2025-02-10,Mouse Inalámbrico,2.0,Ambato,$35
10985,2025-02-11,Teclado Mecánico,4.0,Manta,$85
10986,2025-02-11,"Monitor 24""",4.0,Manta,$300
10987,2025-02-11,Laptop,2.0,Quito,$1200
10988,2025-02-11,Auriculares Gamer,3.0,Cuenca,$120
10989,2025-02-11,Hub USB-C,1.0,Ambato,$45
10990,2025-02-11,Mouse Inalámbrico,5.0,Quito,$35
10991,2025-02-11,"Monitor 24""",4.0,Manta,$300
10992,2025-02-11,"Monitor 24""",5.0,Quito,$300
10993,2025-02-11,Teclado Mecánico,2.0,Cuenca,$85
10994,2025-02-11,Teclado Mecánico,5.0,Loja,$85
10995,2025-02-11,Auriculares Gamer,2.0,Ambato,$120
10996,2025-02-11,Hub USB-C,5.0,Cuenca,$45
10997,2025-02-11,Auriculares Gamer,1.0,Guayaquil,$120
10998,2025-02-11,Laptop,1.0,Ambato,$1200
10999,2025-02-11,Laptop,1.0,Cuenca,$1200
11000,2025-02-11,Auriculares Gamer,1.0,Manta,$120
11001,2025-02-11,Hub USB-C,1.0,Ambato,$45
11002,2025-02-11,Auriculares Gamer,1.0,Ambato,$120
11003,2025-02-11,Hub USB-C,2.0,Quito,$45
11004,2025-02-11,Hub USB-C,4.0,Manta,$45
11005,2025-02-11,Mouse Inalámbrico,5.0,Guayaquil,$35
11006,2025-02-11,Hub USB-C,1.0,Loja,$45
11007,2025-02-11,Teclado Mecánico,2.0,Cuenca,$85
11008,2025-02-11,Hub USB-C,2.0,Quito,$45
11009,2025-02-12,Hub USB-C,2.0,Cuenca,$45
11010,2025-02-12,Hub USB-C,4.0,Guayaquil,$45
11011,2025-02-12,Laptop,5.0,Guayaquil,$1200
11012,2025-02-12,Teclado Mecánico,4.0,Ambato,$85
11013,2025-02-12,Teclado Mecánico,3.0,Guayaquil,$85
11014,2025-02-12,Auriculares Gamer,2.0,Cuenca,$120
11015,2025-02-12,Mouse Inalámbrico,3.0,Manta,$35
11016,2025-02-12,Hub USB-C,1.0,Manta,$45
11017,2025-02-12,"Monitor 24""",1.0,Ambato,$300
11018,2025-02-12,Mouse Inalámbrico,4.0,Loja,$35
11019,2025-02-12,Mouse Inalámbrico,5.0,Cuenca,$35
11020,2025-02-12,Teclado Mecánico,3.0,Cuenca,$85
11021,2025-02-12,Mouse Inalámbrico,5.0,Guayaquil,$35
11022,2025-02-12,Hub USB-C,4.0,Cuenca,$45
11023,2025-02-12,Hub USB-C,1.0,Quito,$45
11024,2025-02-12,Laptop,5.0,Loja,$1200
11025,2025-02-12,Hub USB-C,5.0,Guayaquil,$45
11026,2025-02-12,Hub USB-C,1.0,Quito,$45
11027,2025-02-12,Teclado Mecánico,3.0,Ambato,$85
11028,2025-02-12,Hub USB-C,,Manta,$45
11029,2025-02-12,Laptop,5.0,Ambato,$1200
11030,2025-02-12,"Monitor 24""",3.0,Manta,$300
11031,2025-02-12,Teclado Mecánico,3.0,Ambato,$85
11032,2025-02-12,"Monitor 24""",1.0,Cuenca,$300
11033,2025-02-13,Teclado Mecánico,5.0,Quito,$85
11034,2025-02-13,Auriculares Gamer,4.0,Manta,$120
11035,2025-02-13,Mouse Inalámbrico,5.0,Guayaquil,$35
11036,2025-02-13,Auriculares Gamer,2.0,Quito,$120
11037,2025-02-13,Hub USB-C,4.0,Guayaquil,$45
11038,2025-02-13,"Monitor 24""",3.0,Quito,$300
11039,2025-02-13,Hub USB-C,4.0,Quito,$45
11040,2025-02-13,Mouse Inalámbrico,3.0,Ambato,$35
11041,2025-02-13,Teclado Mecánico,3.0,Manta,$85
11042,2025-02-13,Mouse Inalámbrico,4.0,Manta,$35
11043,2025-02-13,Laptop,3.0,Quito,$1200
11044,2025-02-13,Mouse Inalámbrico,3.0,Cuenca,$35
11045,2025-02-13,Laptop,2.0,Cuenca,$1200
11046,2025-02-13,Mouse Inalámbrico,5.0,Guayaquil,$35
11047,2025-02-13,Laptop,5.0,Guayaquil,$1200
11048,2025-02-13,"Monitor 24""",2.0,Ambato,$300
11049,2025-02-13,Hub USB-C,4.0,Quito,$45
11050,2025-02-13,Hub USB-C,1.0,Guayaquil,$45
11051,2025-02-13,Auriculares Gamer,1.0,Guayaquil,$120
11052,2025-02-13,Hub USB-C,1.0,Loja,$45
11053,2025-02-13,Teclado Mecánico,2.0,Quito,$85
11054,2025-02-13,Mouse Inalámbrico,2.0,Ambato,$35
11055,2025-02-13,Auriculares Gamer,3.0,Guayaquil,$120
11056,2025-02-13,Teclado Mecánico,1.0,Ambato,$85
11057,2025-02-14,Teclado Mecánico,4.0,Manta,$85
11058,2025-02-14,Laptop,4.0,Ambato,$1200
11059,2025-02-14,Hub USB-C,1.0,Cuenca,$45
11060,2025-02-14,"Monitor 24""",1.0,Cuenca,$300
11061,2025-02-14,"Monitor 24""",1.0,Ambato,$300
11062,2025-02-14,Auriculares Gamer,2.0,Cuenca,$120
11063,2025-02-14,"Monitor 24""",2.0,Manta,$300
11064,2025-02-14,Mouse Inalámbrico,2.0,Quito,$35
11065,2025-02-14,"Monitor 24""",5.0,Cuenca,$300
11066,2025-02-14,Auriculares Gamer,4.0,Cuenca,$120
11067,2025-02-14,"Monitor 24""",4.0,Ambato,$300
11068,2025-02-14,Mouse Inalámbrico,3.0,Manta,$35
11069,2025-02-14,Laptop,2.0,Quito,$1200
11070,2025-02-14,Auriculares Gamer,5.0,Ambato,$120
11071,2025-02-14,Laptop,5.0,Ambato,$1200
11072,2025-02-14,Laptop,4.0,Loja,$1200
11073,2025-02-14,Laptop,2.0,Manta,$1200
11074,2025-02-14,Teclado Mecánico,3.0,Quito,$85
11075,2025-02-14,Hub USB-C,,Manta,$45
11076,2025-02-14,Teclado Mecánico,1.0,Quito,$85
11077,2025-02-14,Hub USB-C,2.0,Manta,$45
11078,2025-02-14,Laptop,1.0,Ambato,$1200
11079,2025-02-14,Auriculares Gamer,1.0,Ambato,$120
11080,2025-02-14,Hub USB-C,3.0,Guayaquil,$45
11081,2025-02-15,Mouse Inalámbrico,4.0,Cuenca,$35
11082,2025-02-15,Mouse Inalámbrico,2.0,Loja,$35
11083,2025-02-15,"Monitor 24""",1.0,Manta,$300
11084,2025-02-15,Hub USB-C,2.0,Loja,$45
11085,2025-02-15,Auriculares Gamer,4.0,Guayaquil,$120
11086,2025-02-15,Teclado Mecánico,4.0,Cuenca,$85
11087,2025-02-15,Laptop,5.0,Manta,$1200
11088,2025-02-15,"Monitor 24""",4.0,Quito,$300
11089,2025-02-15,Mouse Inalámbrico,3.0,Cuenca,$35
11090,2025-02-15,Teclado Mecánico,1.0,Ambato,$85
11091,2025-02-15,Teclado Mecánico,5.0,Guayaquil,$85
11092,2025-02-15,Laptop,3.0,Cuenca,$1200
11093,2025-02-15,Hub USB-C,2.0,Cuenca,$45
11094,2025-02-15,Mouse Inalámbrico,1.0,Ambato,$35
11095,2025-02-15,Auriculares Gamer,4.0,Manta,$120
11096,2025-02-15,Teclado Mecánico,1.0,Quito,$85
11097,2025-02-15,Laptop,2.0,Ambato,$1200
11098,2025-02-15,Auriculares Gamer,5.0,Quito,$120
11099,2025-02-15,Hub USB-C,5.0,Manta,$45
11100,2025-02-15,Mouse Inalámbrico,,Cuenca,$35
11101,2025-02-15,Hub USB-C,4.0,Quito,$45
11102,2025-02-15,Teclado Mecánico,3.0,Guayaquil,$85
11103,2025-02-15,Auriculares Gamer,3.0,Guayaquil,$120
11104,2025-02-15,Auriculares Gamer,1.0,Ambato,$120
11105,2025-02-16,Auriculares Gamer,4.0,Manta,$120
11106,2025-02-16,Teclado Mecánico,5.0,Ambato,$85
11107,2025-02-16,Teclado Mecánico,5.0,Ambato,$85
11108,2025-02-16,Hub USB-C,2.0,Loja,$45
11109,2025-02-16,"Monitor 24""",2.0,Ambato,$300
11110,2025-02-16,Hub USB-C,5.0,Loja,$45
11111,2025-02-16,Mouse Inalámbrico,5.0,Guayaquil,$35
11112,2025-02-16,Laptop,4.0,Guayaquil,$1200
11113,2025-02-16,Auriculares Gamer,3.0,Ambato,$120
11114,2025-02-16,"Monitor 24""",2.0,Guayaquil,$300
11115,2025-02-16,Laptop,3.0,Manta,$1200
11116,2025-02-16,"Monitor 24""",4.0,Loja,$300
11117,2025-02-16,Hub USB-C,5.0,Loja,$45
11118,2025-02-16,Teclado Mecánico,3.0,Ambato,$85
11119,2025-02-16,Auriculares Gamer,5.0,Guayaquil,$120
11120,2025-02-16,Hub USB-C,5.0,Quito,$45
11121,2025-02-16,Laptop,1.0,Loja,$1200
11122,2025-02-16,Laptop,3.0,Ambato,$1200
11123,2025-02-16,Laptop,3.0,Ambato,$1200
11124,2025-02-16,Laptop,5.0,Manta,$1200
11125,2025-02-16,Laptop,,Cuenca,$1200
11126,2025-02-16,"Monitor 24""",1.0,Cuenca,$300
11127,2025-02-16,Hub USB-C,5.0,Loja,$45
11128,2025-02-16,Auriculares Gamer,2.0,Manta,$120
11129,2025-02-17,Teclado Mecánico,2.0,Manta,$85
11130,2025-02-17,Teclado Mecánico,1.0,Manta,$85
11131,2025-02-17,Hub USB-C,4.0,Loja,$45
11132,2025-02-17,Hub USB-C,5.0,Cuenca,$45
11133,2025-02-17,Teclado Mecánico,3.0,Manta,$85
11134,2025-02-17,Teclado Mecánico,1.0,Guayaquil,$85
11135,2025-02-17,"Monitor 24""",4.0,Ambato,$300
11136,2025-02-17,Mouse Inalámbrico,3.0,Ambato,$35
11137,2025-02-17,Auriculares Gamer,2.0,Quito,$120
11138,2025-02-17,Laptop,2.0,Quito,$1200
11139,2025-02-17,Mouse Inalámbrico,3.0,Loja,$35
11140,2025-02-17,Hub USB-C,1.0,Loja,$45
11141,2025-02-17,Teclado Mecánico,2.0,Ambato,$85
11142,2025-02-17,Mouse Inalámbrico,5.0,Guayaquil,$35
11143,2025-02-17,Auriculares Gamer,3.0,Cuenca,$120
11144,2025-02-17,Hub USB-C,3.0,Cuenca,$45
11145,2025-02-17,Laptop,2.0,Loja,$1200
11146,2025-02-17,Laptop,1.0,Guayaquil,$1200
11147,2025-02-17,Auriculares Gamer,5.0,Loja,$120
11148,2025-02-17,Auriculares Gamer,1.0,Cuenca,$120
11149,2025-02-17,Teclado Mecánico,,Loja,$85
11150,2025-02-17,Laptop,4.0,Manta,$1200
11151,2025-02-17,Hub USB-C,2.0,Loja,$45
11152,2025-02-17,Mouse Inalámbrico,2.0,Ambato,$35
11153,2025-02-18,Hub USB-C,2.0,Loja,$45
11154,2025-02-18,"Monitor 24""",4.0,Ambato,$300
11155,2025-02-18,"Monitor 24""",1.0,Guayaquil,$300
11156,2025-02-18,Auriculares Gamer,1.0,Cuenca,$120
11157,2025-02-18,Teclado Mecánico,2.0,Quito,$85
11158,2025-02-18,"Monitor 24""",5.0,Quito,$300
11159,2025-02-18,Laptop,1.0,Cuenca,$1200
11160,2025-02-18,Hub USB-C,4.0,Quito,$45
11161,2025-02-18,Hub USB-C,3.0,Loja,$45
11162,2025-02-18,Auriculares Gamer,3.0,Guayaquil,$120
11163,2025-02-18,Mouse Inalámbrico,3.0,Guayaquil,$35
11164,2025-02-18,Auriculares Gamer,5.0,Cuenca,$120
11165,2025-02-18,Mouse Inalámbrico,2.0,Quito,$35
11166,2025-02-18,Auriculares Gamer,4.0,Loja,$120
11167,2025-02-18,Auriculares Gamer,5.0,Guayaquil,$120
11168,2025-02-18,Auriculares Gamer,4.0,Guayaquil,$120
11169,2025-02-18,Mouse Inalámbrico,4.0,Manta,$35
11170,2025-02-18,Mouse Inalámbrico,2.0,Manta,$35
11171,2025-02-18,Auriculares Gamer,3.0,Guayaquil,$120
11172,2025-02-18,"Monitor 24""",2.0,Cuenca,$300
11173,2025-02-18,Teclado Mecánico,5.0,Ambato,$85
11174,2025-02-18,Teclado Mecánico,5.0,Ambato,$85
11175,2025-02-18,Teclado Mecánico,5.0,Loja,$85
11176,2025-02-18,Mouse Inalámbrico,2.0,Guayaquil,$35
11177,2025-02-19,Mouse Inalámbrico,4.0,Guayaquil,$35
11178,2025-02-19,"Monitor 24""",4.0,Guayaquil,$300
11179,2025-02-19,Teclado Mecánico,1.0,Cuenca,$85
11180,2025-02-19,Teclado Mecánico,5.0,Manta,$85
11181,2025-02-19,Auriculares Gamer,4.0,Guayaquil,$120
11182,2025-02-19,Mouse Inalámbrico,1.0,Guayaquil,$35
11183,2025-02-19,Teclado Mecánico,4.0,Quito,$85
11184,2025-02-19,Hub USB-C,5.0,Cuenca,$45
11185,2025-02-19,"Monitor 24""",3.0,Loja,$300
11186,2025-02-19,Hub USB-C,5.0,Guayaquil,$45
11187,2025-02-19,Hub USB-C,2.0,Quito,$45
11188,2025-02-19,"Monitor 24""",4.0,Ambato,$300
11189,2025-02-19,Hub USB-C,4.0,Loja,$45
11190,2025-02-19,Teclado Mecánico,2.0,Guayaquil,$85
11191,2025-02-19,Mouse Inalámbrico,2.0,Guayaquil,$35
11192,2025-02-19,"Monitor 24""",3.0,Quito,$300
11193,2025-02-19,Auriculares Gamer,4.0,Cuenca,$120
11194,2025-02-19,Hub USB-C,4.0,Guayaquil,$45
11195,2025-02-19,"Monitor 24""",3.0,Ambato,$300
11196,2025-02-19,Laptop,1.0,Guayaquil,$1200
11197,2025-02-19,Laptop,3.0,Ambato,$1200
11198,2025-02-19,Mouse Inalámbrico,5.0,Loja,$35
11199,2025-02-19,Teclado Mecánico,4.0,Loja,$85
11200,2025-02-19,Mouse Inalámbrico,2.0,Manta,$35
11201,2025-02-20,Mouse Inalámbrico,5.0,Manta,$35
11202,2025-02-20,Mouse Inalámbrico,4.0,Ambato,$35
11203,2025-02-20,Mouse Inalámbrico,3.0,Cuenca,$35
11204,2025-02-20,Auriculares Gamer,5.0,Guayaquil,$120
11205,2025-02-20,Auriculares Gamer,4.0,Guayaquil,$120
11206,2025-02-20,"Monitor 24""",1.0,Manta,$300
11207,2025-02-20,Laptop,1.0,Ambato,$1200
11208,2025-02-20,Mouse Inalámbrico,2.0,Guayaquil,$35
11209,2025-02-20,"Monitor 24""",4.0,Guayaquil,$300
11210,2025-02-20,Laptop,1.0,Cuenca,$1200
11211,2025-02-20,Hub USB-C,3.0,Quito,$45
11212,2025-02-20,Teclado Mecánico,4.0,Manta,$85
11213,2025-02-20,Auriculares Gamer,3.0,Manta,$120
11214,2025-02-20,Hub USB-C,3.0,Quito,$45
11215,2025-02-20,Laptop,1.0,Guayaquil,$1200
11216,2025-02-20,Hub USB-C,4.0,Cuenca,$45
11217,2025-02-20,Teclado Mecánico,5.0,Cuenca,$85
11218,2025-02-20,Laptop,1.0,Manta,$1200
11219,2025-02-20,Hub USB-C,1.0,Cuenca,$45
11220,2025-02-20,Auriculares Gamer,4.0,Loja,$120
11221,2025-02-20,Auriculares Gamer,4.0,Quito,$120
11222,2025-02-20,"Monitor 24""",3.0,Guayaquil,$300
11223,2025-02-20,Hub USB-C,4.0,Loja,$45
11224,2025-02-20,Mouse Inalámbrico,3.0,Quito,$35
11225,2025-02-21,Hub USB-C,1.0,Ambato,$45
11226,2025-02-21,Laptop,2.0,Manta,$1200
11227,2025-02-21,Laptop,5.0,Cuenca,$1200
11228,2025-02-21,Hub USB-C,1.0,Ambato,$45
11229,2025-02-21,Teclado Mecánico,4.0,Cuenca,$85
11230,2025-02-21,Auriculares Gamer,5.0,Loja,$120
11231,2025-02-21,Laptop,2.0,Guayaquil,$1200
11232,2025-02-21,Auriculares Gamer,2.0,Guayaquil,$120
11233,2025-02-21,Laptop,3.0,Guayaquil,$1200
11234,2025-02-21,"Monitor 24""",5.0,Cuenca,$300
11235,2025-02-21,Mouse Inalámbrico,3.0,Ambato,$35
11236,2025-02-21,Laptop,1.0,Guayaquil,$1200
11237,2025-02-21,Auriculares Gamer,5.0,Ambato,$120
11238,2025-02-21,"Monitor 24""",1.0,Cuenca,$300
11239,2025-02-21,Laptop,3.0,Loja,$1200
11240,2025-02-21,Teclado Mecánico,5.0,Ambato,$85
11241,2025-02-21,Mouse Inalámbrico,3.0,Loja,$35
11242,2025-02-21,Laptop,5.0,Cuenca,$1200
11243,2025-02-21,"Monitor 24""",3.0,Cuenca,$300
11244,2025-02-21,Teclado Mecánico,2.0,Manta,$85
11245,2025-02-21,Hub USB-C,3.0,Cuenca,$45
11246,2025-02-21,"Monitor 24""",2.0,Cuenca,$300
11247,2025-02-21,"Monitor 24""",3.0,Quito,$300
11248,2025-02-21,Teclado Mecánico,5.0,Guayaquil,$85
11249,2025-02-22,"Monitor 24""",5.0,Manta,$300
11250,2025-02-22,Teclado Mecánico,5.0,Manta,$85
11251,2025-02-22,Laptop,4.0,Manta,$1200
11252,2025-02-22,Teclado Mecánico,1.0,Quito,$85
11253,2025-02-22,Teclado Mecánico,5.0,Loja,$85
11254,2025-02-22,Mouse Inalámbrico,2.0,Cuenca,$35
11255,2025-02-22,Teclado Mecánico,5.0,Guayaquil,$85
11256,2025-02-22,Teclado Mecánico,4.0,Ambato,$85
11257,2025-02-22,Hub USB-C,2.0,Loja,$45
11258,2025-02-22,Laptop,4.0,Cuenca,$1200
11259,2025-02-22,Mouse Inalámbrico,2.0,Quito,$35
11260,2025-02-22,Hub USB-C,3.0,Cuenca,$45
11261,2025-02-22,Auriculares Gamer,1.0,Cuenca,$120
11262,2025-02-22,Laptop,1.0,Quito,$1200
11263,2025-02-22,Laptop,4.0,Manta,$1200
11264,2025-02-22,Auriculares Gamer,1.0,Manta,$120
11265,2025-02-22,Teclado Mecánico,4.0,Guayaquil,$85
11266,2025-02-22,Hub USB-C,4.0,Guayaquil,$45
11267,2025-02-22,"Monitor 24""",4.0,Manta,$300
11268,2025-02-22,Mouse Inalámbrico,1.0,Loja,$35
11269,2025-02-22,"Monitor 24""",4.0,Ambato,$300
11270,2025-02-22,Auriculares Gamer,1.0,Cuenca,$120
11271,2025-02-22,Laptop,4.0,Ambato,$1200
11272,2025-02-22,Laptop,5.0,Cuenca,$1200
11273,2025-02-23,Mouse Inalámbrico,4.0,Manta,$35
11274,2025-02-23,Laptop,2.0,Guayaquil,$1200
11275,2025-02-23,Laptop,4.0,Loja,$1200
11276,2025-02-23,Mouse Inalámbrico,3.0,Guayaquil,$35
11277,2025-02-23,Hub USB-C,4.0,Ambato,$45
11278,2025-02-23,Hub USB-C,2.0,Guayaquil,$45
11279,2025-02-23,Mouse Inalámbrico,2.0,Manta,$35
11280,2025-02-23,Auriculares Gamer,1.0,Loja,$120
11281,2025-02-23,Laptop,5.0,Ambato,$1200
11282,2025-02-23,Laptop,4.0,Loja,$1200
11283,2025-02-23,Auriculares Gamer,1.0,Cuenca,$120
11284,2025-02-23,Hub USB-C,5.0,Guayaquil,$45
11285,2025-02-23,Teclado Mecánico,4.0,Loja,$85
11286,2025-02-23,Teclado Mecánico,3.0,Quito,$85
11287,,Teclado Mecánico,4.0,Guayaquil,$85
11288,2025-02-23,Hub USB-C,2.0,Cuenca,$45
11289,2025-02-23,Hub USB-C,2.0,Loja,$45
11290,2025-02-23,Auriculares Gamer,3.0,Ambato,$120
11291,2025-02-23,Laptop,1.0,Cuenca,$1200
11292,2025-02-23,Auriculares Gamer,5.0,Quito,$120
11293,2025-02-23,Auriculares Gamer,4.0,Loja,$120
11294,2025-02-23,Hub USB-C,2.0,Manta,$45
11295,2025-02-23,Teclado Mecánico,1.0,Guayaquil,$85
11296,2025-02-23,"Monitor 24""",3.0,Ambato,$300
11297,2025-02-24,Laptop,2.0,Manta,$1200
11298,2025-02-24,Hub USB-C,3.0,Loja,$45
11299,2025-02-24,Teclado Mecánico,4.0,Loja,$85
11300,2025-02-24,"Monitor 24""",5.0,Cuenca,$300
11301,2025-02-24,"Monitor 24""",2.0,Loja,$300
11302,2025-02-24,Hub USB-C,2.0,Ambato,$45
11303,2025-02-24,Mouse Inalámbrico,4.0,Manta,$35
11304,2025-02-24,Laptop,1.0,Ambato,$1200
11305,2025-02-24,"Monitor 24""",5.0,Quito,$300
11306,2025-02-24,Hub USB-C,2.0,Quito,$45
11307,2025-02-24,Hub USB-C,5.0,Guayaquil,$45
11308,2025-02-24,Teclado Mecánico,2.0,Guayaquil,$85
11309,2025-02-24,Mouse Inalámbrico,5.0,Quito,$35
11310,2025-02-24,Laptop,3.0,Loja,$1200
11311,2025-02-24,Auriculares Gamer,2.0,Ambato,$120
11312,2025-02-24,Teclado Mecánico,5.0,Quito,$85
11313,2025-02-24,"Monitor 24""",1.0,Guayaquil,$300
11314,2025-02-24,"Monitor 24""",3.0,Quito,$300
11315,,Teclado Mecánico,3.0,Loja,$85
11316,2025-02-24,Hub USB-C,1.0,Quito,$45
11317,,"Monitor 24""",5.0,Ambato,$300
11318,2025-02-24,Mouse Inalámbrico,4.0,Manta,$35
11319,2025-02-24,Laptop,1.0,Loja,$1200
11320,2025-02-24,Mouse Inalámbrico,5.0,Guayaquil,$35
11321,2025-02-25,"Monitor 24""",1.0,Ambato,$300
11322,2025-02-25,Auriculares Gamer,1.0,Quito,$120
11323,2025-02-25,Laptop,2.0,Quito,$1200
11324,2025-02-25,Laptop,5.0,Manta,$1200
11325,2025-02-25,Teclado Mecánico,4.0,Guayaquil,$85
11326,2025-02-25,Teclado Mecánico,2.0,Guayaquil,$85
11327,2025-02-25,Auriculares Gamer,1.0,Cuenca,$120
11328,2025-02-25,Hub USB-C,1.0,Guayaquil,$45
11329,2025-02-25,Laptop,1.0,Manta,$1200
11330,2025-02-25,Auriculares Gamer,5.0,Cuenca,$120
11331,2025-02-25,Teclado Mecánico,5.0,Cuenca,$85
11332,2025-02-25,Teclado Mecánico,2.0,Quito,$85
11333,2025-02-25,Laptop,4.0,Quito,$1200
11334,2025-02-25,Mouse Inalámbrico,2.0,Guayaquil,$35
11335,2025-02-25,"Monitor 24""",3.0,Cuenca,$300
11336,2025-02-25,Teclado Mecánico,1.0,Quito,$85
11337,2025-02-25,Hub USB-C,1.0,Manta,$45
11338,2025-02-25,Hub USB-C,1.0,Quito,$45
11339,2025-02-25,Teclado Mecánico,2.0,Loja,$85
11340,2025-02-25,Mouse Inalámbrico,2.0,Loja,$35
11341,2025-02-25,Mouse Inalámbrico,1.0,Quito,$35
11342,2025-02-25,Auriculares Gamer,2.0,Cuenca,$120
11343,2025-02-25,Hub USB-C,5.0,Cuenca,$45
11344,2025-02-25,Auriculares Gamer,5.0,Ambato,$120
11345,2025-02-26,Hub USB-C,2.0,Loja,$45
11346,2025-02-26,"Monitor 24""",1.0,Manta,$300
11347,2025-02-26,"Monitor 24""",2.0,Cuenca,$300
11348,2025-02-26,Laptop,2.0,Guayaquil,$1200
11349,2025-02-26,Auriculares Gamer,2.0,Loja,$120
11350,2025-02-26,Teclado Mecánico,,Manta,$85
11351,2025-02-26,Auriculares Gamer,5.0,Manta,$120
11352,2025-02-26,Teclado Mecánico,4.0,Cuenca,$85
11353,2025-02-26,Mouse Inalámbrico,4.0,Manta,$35
11354,2025-02-26,Auriculares Gamer,3.0,Cuenca,$120
11355,2025-02-26,Mouse Inalámbrico,2.0,Quito,$35
11356,2025-02-26,"Monitor 24""",3.0,Loja,$300
11357,2025-02-26,"Monitor 24""",3.0,Ambato,$300
11358,2025-02-26,Laptop,1.0,Quito,$1200
11359,2025-02-26,Auriculares Gamer,5.0,Loja,$120
11360,2025-02-26,Mouse Inalámbrico,4.0,Cuenca,$35
11361,2025-02-26,Teclado Mecánico,2.0,Loja,$85
11362,2025-02-26,"Monitor 24""",4.0,Cuenca,$300
11363,2025-02-26,"Monitor 24""",4.0,Quito,$300
11364,2025-02-26,Teclado Mecánico,5.0,Guayaquil,$85
11365,2025-02-26,Mouse Inalámbrico,4.0,Guayaquil,$35
11366,2025-02-26,Mouse Inalámbrico,4.0,Loja,$35
11367,2025-02-26,Auriculares Gamer,3.0,Guayaquil,$120
11368,2025-02-26,Auriculares Gamer,5.0,Cuenca,$120
11369,2025-02-27,Hub USB-C,1.0,Manta,$45
11370,,Hub USB-C,2.0,Cuenca,$45
11371,2025-02-27,Laptop,4.0,Manta,$1200
11372,2025-02-27,"Monitor 24""",2.0,Quito,$300
11373,2025-02-27,Auriculares Gamer,1.0,Ambato,$120
11374,2025-02-27,Mouse Inalámbrico,2.0,Manta,$35
11375,2025-02-27,Teclado Mecánico,1.0,Guayaquil,$85
11376,2025-02-27,Mouse Inalámbrico,3.0,Cuenca,$35
11377,2025-02-27,"Monitor 24""",4.0,Quito,$300
11378,2025-02-27,Hub USB-C,1.0,Guayaquil,$45
11379,2025-02-27,Mouse Inalámbrico,2.0,Quito,$35
11380,2025-02-27,Laptop,4.0,Ambato,$1200
11381,2025-02-27,"Monitor 24""",3.0,Cuenca,$300
11382,2025-02-27,Hub USB-C,4.0,Loja,$45
11383,2025-02-27,Teclado Mecánico,1.0,Cuenca,$85
11384,2025-02-27,Hub USB-C,3.0,Ambato,$45
11385,2025-02-27,Laptop,2.0,Cuenca,$1200
11386,2025-02-27,"Monitor 24""",3.0,Loja,$300
11387,2025-02-27,Teclado Mecánico,3.0,Manta,$85
11388,2025-02-27,Laptop,5.0,Quito,$1200
11389,2025-02-27,Hub USB-C,3.0,Loja,$45
11390,2025-02-27,Laptop,3.0,Guayaquil,$1200
11391,2025-02-27,"Monitor 24""",4.0,Ambato,$300
11392,2025-02-27,Auriculares Gamer,2.0,Manta,$120
11393,2025-02-28,Laptop,4.0,Guayaquil,$1200
11394,2025-02-28,Laptop,4.0,Guayaquil,$1200
11395,2025-02-28,Hub USB-C,1.0,Ambato,$45
11396,2025-02-28,Hub USB-C,4.0,Manta,$45
11397,2025-02-28,Teclado Mecánico,5.0,Guayaquil,$85
11398,2025-02-28,Hub USB-C,5.0,Guayaquil,$45
11399,2025-02-28,Mouse Inalámbrico,1.0,Manta,$35
11400,2025-02-28,"Monitor 24""",2.0,Cuenca,$300
11401,2025-02-28,"Monitor 24""",2.0,Guayaquil,$300
11402,2025-02-28,Auriculares Gamer,4.0,Quito,$120
11403,2025-02-28,Auriculares Gamer,4.0,Manta,$120
11404,2025-02-28,"Monitor 24""",4.0,Guayaquil,$300
11405,2025-02-28,Auriculares Gamer,2.0,Ambato,$120
11406,2025-02-28,Teclado Mecánico,3.0,Loja,$85
11407,2025-02-28,Hub USB-C,5.0,Quito,$45
11408,2025-02-28,"Monitor 24""",3.0,Loja,$300
11409,2025-02-28,Auriculares Gamer,3.0,Loja,$120
11410,2025-02-28,"Monitor 24""",2.0,Guayaquil,$300
11411,2025-02-28,Mouse Inalámbrico,3.0,Quito,$35
11412,2025-02-28,Laptop,1.0,Quito,$1200
11413,2025-02-28,Hub USB-C,4.0,Cuenca,$45
11414,2025-02-28,"Monitor 24""",1.0,Loja,$300
11415,2025-02-28,Laptop,5.0,Quito,$1200
11416,2025-02-28,Auriculares Gamer,4.0,Cuenca,$120
11417,2025-03-01,Laptop,,Manta,$1200
11418,2025-03-01,Hub USB-C,5.0,Cuenca,$45
11419,2025-03-01,"Monitor 24""",4.0,Ambato,$300
11420,2025-03-01,Mouse Inalámbrico,3.0,Guayaquil,$35
11421,2025-03-01,Auriculares Gamer,1.0,Manta,$120
11422,2025-03-01,"Monitor 24""",4.0,Manta,$300
11423,2025-03-01,Hub USB-C,3.0,Ambato,$45
11424,2025-03-01,Auriculares Gamer,1.0,Cuenca,$120
11425,2025-03-01,Teclado Mecánico,5.0,Guayaquil,$85
11426,2025-03-01,Laptop,5.0,Cuenca,$1200
11427,2025-03-01,Hub USB-C,5.0,Quito,$45
11428,2025-03-01,Teclado Mecánico,5.0,Cuenca,$85
11429,2025-03-01,"Monitor 24""",2.0,Manta,$300
11430,2025-03-01,Mouse Inalámbrico,4.0,Guayaquil,$35
11431,2025-03-01,Auriculares Gamer,4.0,Cuenca,$120
11432,2025-03-01,Laptop,2.0,Guayaquil,$1200
11433,2025-03-01,Auriculares Gamer,3.0,Guayaquil,$120
11434,2025-03-01,"Monitor 24""",3.0,Quito,$300
11435,2025-03-01,Auriculares Gamer,5.0,Quito,$120
11436,2025-03-01,Laptop,1.0,Manta,$1200
11437,2025-03-01,"Monitor 24""",3.0,Ambato,$300
11438,2025-03-01,Auriculares Gamer,1.0,Guayaquil,$120
11439,2025-03-01,Mouse Inalámbrico,4.0,Ambato,$35
11440,2025-03-01,Hub USB-C,1.0,Manta,$45
11441,2025-03-02,"Monitor 24""",4.0,Guayaquil,$300
11442,2025-03-02,Hub USB-C,2.0,Guayaquil,$45
11443,2025-03-02,"Monitor 24""",2.0,Loja,$300
11444,2025-03-02,Mouse Inalámbrico,5.0,Ambato,$35
11445,2025-03-02,Hub USB-C,3.0,Cuenca,$45
11446,2025-03-02,Teclado Mecánico,5.0,Quito,$85
11447,2025-03-02,Laptop,4.0,Cuenca,$1200
11448,2025-03-02,Teclado Mecánico,5.0,Ambato,$85
11449,2025-03-02,Auriculares Gamer,1.0,Quito,$120
11450,2025-03-02,Mouse Inalámbrico,4.0,Cuenca,$35
11451,2025-03-02,Teclado Mecánico,2.0,Loja,$85
11452,2025-03-02,"Monitor 24""",3.0,Quito,$300
11453,2025-03-02,Auriculares Gamer,4.0,Guayaquil,$120
11454,2025-03-02,Auriculares Gamer,4.0,Cuenca,$120
11455,2025-03-02,Teclado Mecánico,1.0,Quito,$85
11456,2025-03-02,Teclado Mecánico,3.0,Loja,$85
11457,2025-03-02,Mouse Inalámbrico,2.0,Quito,$35
11458,2025-03-02,Laptop,4.0,Quito,$1200
11459,2025-03-02,Teclado Mecánico,4.0,Loja,$85
11460,2025-03-02,Teclado Mecánico,1.0,Cuenca,$85
11461,2025-03-02,Hub USB-C,5.0,Manta,$45
11462,2025-03-02,"Monitor 24""",2.0,Cuenca,$300
11463,2025-03-02,Hub USB-C,3.0,Ambato,$45
11464,2025-03-02,Hub USB-C,4.0,Loja,$45
11465,2025-03-03,Auriculares Gamer,4.0,Cuenca,$120
11466,2025-03-03,Laptop,2.0,Quito,$1200
11467,2025-03-03,"Monitor 24""",5.0,Loja,$300
11468,2025-03-03,Mouse Inalámbrico,4.0,Guayaquil,$35
11469,2025-03-03,Mouse Inalámbrico,2.0,Cuenca,$35
11470,2025-03-03,Teclado Mecánico,1.0,Loja,$85
11471,2025-03-03,Teclado Mecánico,5.0,Cuenca,$85
11472,2025-03-03,Mouse Inalámbrico,3.0,Loja,$35
11473,2025-03-03,Teclado Mecánico,4.0,Quito,$85
11474,2025-03-03,Laptop,2.0,Guayaquil,$1200
11475,2025-03-03,Hub USB-C,1.0,Guayaquil,$45
11476,2025-03-03,Teclado Mecánico,3.0,Ambato,$85
11477,2025-03-03,Auriculares Gamer,2.0,Loja,$120
11478,2025-03-03,Teclado Mecánico,2.0,Cuenca,$85
11479,2025-03-03,"Monitor 24""",3.0,Guayaquil,$300
11480,2025-03-03,Laptop,1.0,Guayaquil,$1200
11481,2025-03-03,"Monitor 24""",1.0,Manta,$300
11482,2025-03-03,"Monitor 24""",5.0,Manta,$300
11483,,Auriculares Gamer,4.0,Guayaquil,$120
11484,2025-03-03,Laptop,3.0,Loja,$1200
11485,2025-03-03,Laptop,3.0,Ambato,$1200
11486,2025-03-03,Laptop,3.0,Guayaquil,$1200
11487,2025-03-03,Laptop,1.0,Quito,$1200
11488,2025-03-03,Laptop,4.0,Cuenca,$1200
11489,2025-03-04,Auriculares Gamer,5.0,Ambato,$120
11490,2025-03-04,Teclado Mecánico,2.0,Quito,$85
11491,2025-03-04,"Monitor 24""",2.0,Ambato,$300
11492,2025-03-04,Laptop,3.0,Quito,$1200
11493,2025-03-04,Teclado Mecánico,4.0,Cuenca,$85
11494,2025-03-04,Teclado Mecánico,1.0,Cuenca,$85
11495,2025-03-04,"Monitor 24""",4.0,Manta,$300
11496,2025-03-04,Auriculares Gamer,4.0,Loja,$120
11497,2025-03-04,Mouse Inalámbrico,1.0,Quito,$35
11498,2025-03-04,Mouse Inalámbrico,3.0,Manta,$35
11499,2025-03-04,Teclado Mecánico,4.0,Quito,$85
11500,2025-03-04,Hub USB-C,2.0,Manta,$45
